[install_unip_ros311_overlay.sh] Checking Isaac Python...
Isaac Python: 3.11.13
[install_unip_ros311_overlay.sh] Building ROS311 overlay image...
DEPRECATED: The legacy builder is deprecated and will be removed in a future release.
            Install the buildx component to build images with BuildKit:
            https://docs.docker.com/go/buildx/

Sending build context to Docker daemon  6.656kB
Step 1/10 : ARG BASE_IMAGE=isaac_sim_ros:ubuntu_24_jazzy
Step 2/10 : FROM ${BASE_IMAGE}
 ---> 270104c818e0
Step 3/10 : SHELL ["/bin/bash", "-lc"]
 ---> Running in 001df1d602d0
 ---> Removed intermediate container 001df1d602d0
 ---> 048512e9adcb
Step 4/10 : WORKDIR /workspace
 ---> Running in a30f5520819b
 ---> Removed intermediate container a30f5520819b
 ---> 965e95cffc7a
Step 5/10 : RUN rm -rf /workspace/unip_ros311_ws &&     mkdir -p /workspace/unip_ros311_ws/src
 ---> Running in 9896ec2720f9
 ---> Removed intermediate container 9896ec2720f9
 ---> e7744585abc4
Step 6/10 : RUN rosinstall_generator         sensor_msgs_py         tf2_ros         tf2_ros_py         tf2_eigen         tf2_geometry_msgs         cv_bridge         control_msgs         moveit_msgs         pcl_conversions         launch         launch_ros         --deps         --rosdistro jazzy         --exclude-path /workspace/jazzy_ws/src         > /workspace/unip_ros311_ws/unip_overlay.rosinstall &&     echo "===== UniP ROS311 source closure =====" &&     grep "local-name:"         /workspace/unip_ros311_ws/unip_overlay.rosinstall &&     echo "===== count =====" &&     grep -c "local-name:"         /workspace/unip_ros311_ws/unip_overlay.rosinstall &&     vcs import         /workspace/unip_ros311_ws/src         < /workspace/unip_ros311_ws/unip_overlay.rosinstall
 ---> Running in 9ebfdaf60dbb
===== UniP ROS311 source closure =====
    local-name: class_loader
    local-name: common_interfaces/sensor_msgs_py
    local-name: console_bridge_vendor
    local-name: control_msgs
    local-name: eigen3_cmake_module
    local-name: geometry2/tf2_eigen
    local-name: geometry2/tf2_geometry_msgs
    local-name: geometry2/tf2_py
    local-name: geometry2/tf2_ros
    local-name: geometry2/tf2_ros_py
    local-name: libstatistics_collector
    local-name: message_filters
    local-name: moveit_msgs
    local-name: object_recognition_msgs
    local-name: octomap_msgs
    local-name: orocos_kdl_vendor/orocos_kdl_vendor
    local-name: pcl_msgs
    local-name: perception_pcl/pcl_conversions
    local-name: rcl_interfaces/statistics_msgs
    local-name: rclcpp/rclcpp
    local-name: rclcpp/rclcpp_action
    local-name: rclcpp/rclcpp_components
    local-name: rclcpp/rclcpp_lifecycle
    local-name: vision_opencv/cv_bridge
===== count =====
24
[91m/usr/bin/vcs:6: DeprecationWarning: pkg_resources is deprecated as an API. See https://setuptools.pypa.io/en/latest/pkg_resources.html
  from pkg_resources import load_entry_point
[0m........................
=== /workspace/unip_ros311_ws/src/class_loader (git) ===
Cloning into '.'...
Note: switching to 'release/jazzy/class_loader/2.7.1-1'.

You are in 'detached HEAD' state. You can look around, make experimental
changes and commit them, and you can discard any commits you make in this
state without impacting any branches by switching back to a branch.

If you want to create a new branch to retain commits you create, you may
do so (now or later) by using -c with the switch command. Example:

  git switch -c <new-branch-name>

Or undo this operation with:

  git switch -

Turn off this advice by setting config variable advice.detachedHead to false

HEAD is now at f2d8f2c Rebase from 'upstream'
=== /workspace/unip_ros311_ws/src/common_interfaces/sensor_msgs_py (git) ===
Cloning into '.'...
Note: switching to 'release/jazzy/sensor_msgs_py/5.3.8-1'.

You are in 'detached HEAD' state. You can look around, make experimental
changes and commit them, and you can discard any commits you make in this
state without impacting any branches by switching back to a branch.

If you want to create a new branch to retain commits you create, you may
do so (now or later) by using -c with the switch command. Example:

  git switch -c <new-branch-name>

Or undo this operation with:

  git switch -

Turn off this advice by setting config variable advice.detachedHead to false

HEAD is now at 556479118 Trimmed the branch to only the sensor_msgs_py sub directory
=== /workspace/unip_ros311_ws/src/console_bridge_vendor (git) ===
Cloning into '.'...
Note: switching to 'release/jazzy/console_bridge_vendor/1.7.2-1'.

You are in 'detached HEAD' state. You can look around, make experimental
changes and commit them, and you can discard any commits you make in this
state without impacting any branches by switching back to a branch.

If you want to create a new branch to retain commits you create, you may
do so (now or later) by using -c with the switch command. Example:

  git switch -c <new-branch-name>

Or undo this operation with:

  git switch -

Turn off this advice by setting config variable advice.detachedHead to false

HEAD is now at 03d4656 Rebase from 'upstream'
=== /workspace/unip_ros311_ws/src/control_msgs (git) ===
Cloning into '.'...
Note: switching to 'release/jazzy/control_msgs/5.9.0-1'.

You are in 'detached HEAD' state. You can look around, make experimental
changes and commit them, and you can discard any commits you make in this
state without impacting any branches by switching back to a branch.

If you want to create a new branch to retain commits you create, you may
do so (now or later) by using -c with the switch command. Example:

  git switch -c <new-branch-name>

Or undo this operation with:

  git switch -

Turn off this advice by setting config variable advice.detachedHead to false

HEAD is now at 6815852 Trimmed the branch to only the control_msgs sub directory
=== /workspace/unip_ros311_ws/src/eigen3_cmake_module (git) ===
Cloning into '.'...
Note: switching to 'release/jazzy/eigen3_cmake_module/0.3.1-1'.

You are in 'detached HEAD' state. You can look around, make experimental
changes and commit them, and you can discard any commits you make in this
state without impacting any branches by switching back to a branch.

If you want to create a new branch to retain commits you create, you may
do so (now or later) by using -c with the switch command. Example:

  git switch -c <new-branch-name>

Or undo this operation with:

  git switch -

Turn off this advice by setting config variable advice.detachedHead to false

HEAD is now at f0b70e0 Rebase from 'upstream'
=== /workspace/unip_ros311_ws/src/geometry2/tf2_eigen (git) ===
Cloning into '.'...
Note: switching to 'release/jazzy/tf2_eigen/0.36.21-1'.

You are in 'detached HEAD' state. You can look around, make experimental
changes and commit them, and you can discard any commits you make in this
state without impacting any branches by switching back to a branch.

If you want to create a new branch to retain commits you create, you may
do so (now or later) by using -c with the switch command. Example:

  git switch -c <new-branch-name>

Or undo this operation with:

  git switch -

Turn off this advice by setting config variable advice.detachedHead to false

HEAD is now at dff32e9a0 Trimmed the branch to only the tf2_eigen sub directory
=== /workspace/unip_ros311_ws/src/geometry2/tf2_geometry_msgs (git) ===
Cloning into '.'...
Note: switching to 'release/jazzy/tf2_geometry_msgs/0.36.21-1'.

You are in 'detached HEAD' state. You can look around, make experimental
changes and commit them, and you can discard any commits you make in this
state without impacting any branches by switching back to a branch.

If you want to create a new branch to retain commits you create, you may
do so (now or later) by using -c with the switch command. Example:

  git switch -c <new-branch-name>

Or undo this operation with:

  git switch -

Turn off this advice by setting config variable advice.detachedHead to false

HEAD is now at c6b2d5b32 Trimmed the branch to only the tf2_geometry_msgs sub directory
=== /workspace/unip_ros311_ws/src/geometry2/tf2_py (git) ===
Cloning into '.'...
Note: switching to 'release/jazzy/tf2_py/0.36.21-1'.

You are in 'detached HEAD' state. You can look around, make experimental
changes and commit them, and you can discard any commits you make in this
state without impacting any branches by switching back to a branch.

If you want to create a new branch to retain commits you create, you may
do so (now or later) by using -c with the switch command. Example:

  git switch -c <new-branch-name>

Or undo this operation with:

  git switch -

Turn off this advice by setting config variable advice.detachedHead to false

HEAD is now at f10ed19c9 Trimmed the branch to only the tf2_py sub directory
=== /workspace/unip_ros311_ws/src/geometry2/tf2_ros (git) ===
Cloning into '.'...
Note: switching to 'release/jazzy/tf2_ros/0.36.21-1'.

You are in 'detached HEAD' state. You can look around, make experimental
changes and commit them, and you can discard any commits you make in this
state without impacting any branches by switching back to a branch.

If you want to create a new branch to retain commits you create, you may
do so (now or later) by using -c with the switch command. Example:

  git switch -c <new-branch-name>

Or undo this operation with:

  git switch -

Turn off this advice by setting config variable advice.detachedHead to false

HEAD is now at bf7053d13 Trimmed the branch to only the tf2_ros sub directory
=== /workspace/unip_ros311_ws/src/geometry2/tf2_ros_py (git) ===
Cloning into '.'...
Note: switching to 'release/jazzy/tf2_ros_py/0.36.21-1'.

You are in 'detached HEAD' state. You can look around, make experimental
changes and commit them, and you can discard any commits you make in this
state without impacting any branches by switching back to a branch.

If you want to create a new branch to retain commits you create, you may
do so (now or later) by using -c with the switch command. Example:

  git switch -c <new-branch-name>

Or undo this operation with:

  git switch -

Turn off this advice by setting config variable advice.detachedHead to false

HEAD is now at 3a8c3a70c Trimmed the branch to only the tf2_ros_py sub directory
=== /workspace/unip_ros311_ws/src/libstatistics_collector (git) ===
Cloning into '.'...
Note: switching to 'release/jazzy/libstatistics_collector/1.7.4-1'.

You are in 'detached HEAD' state. You can look around, make experimental
changes and commit them, and you can discard any commits you make in this
state without impacting any branches by switching back to a branch.

If you want to create a new branch to retain commits you create, you may
do so (now or later) by using -c with the switch command. Example:

  git switch -c <new-branch-name>

Or undo this operation with:

  git switch -

Turn off this advice by setting config variable advice.detachedHead to false

HEAD is now at 10ee182 Rebase from 'upstream'
=== /workspace/unip_ros311_ws/src/message_filters (git) ===
Cloning into '.'...
Note: switching to 'release/jazzy/message_filters/4.11.17-1'.

You are in 'detached HEAD' state. You can look around, make experimental
changes and commit them, and you can discard any commits you make in this
state without impacting any branches by switching back to a branch.

If you want to create a new branch to retain commits you create, you may
do so (now or later) by using -c with the switch command. Example:

  git switch -c <new-branch-name>

Or undo this operation with:

  git switch -

Turn off this advice by setting config variable advice.detachedHead to false

HEAD is now at 6102e27 Rebase from 'upstream'
=== /workspace/unip_ros311_ws/src/moveit_msgs (git) ===
Cloning into '.'...
Note: switching to 'release/jazzy/moveit_msgs/2.6.0-1'.

You are in 'detached HEAD' state. You can look around, make experimental
changes and commit them, and you can discard any commits you make in this
state without impacting any branches by switching back to a branch.

If you want to create a new branch to retain commits you create, you may
do so (now or later) by using -c with the switch command. Example:

  git switch -c <new-branch-name>

Or undo this operation with:

  git switch -

Turn off this advice by setting config variable advice.detachedHead to false

HEAD is now at 5608ec2 Rebase from 'upstream'
=== /workspace/unip_ros311_ws/src/object_recognition_msgs (git) ===
Cloning into '.'...
Note: switching to 'release/jazzy/object_recognition_msgs/2.0.0-5'.

You are in 'detached HEAD' state. You can look around, make experimental
changes and commit them, and you can discard any commits you make in this
state without impacting any branches by switching back to a branch.

If you want to create a new branch to retain commits you create, you may
do so (now or later) by using -c with the switch command. Example:

  git switch -c <new-branch-name>

Or undo this operation with:

  git switch -

Turn off this advice by setting config variable advice.detachedHead to false

HEAD is now at 413107d Rebase from 'upstream' (no changes)
=== /workspace/unip_ros311_ws/src/octomap_msgs (git) ===
Cloning into '.'...
Note: switching to 'release/jazzy/octomap_msgs/2.0.1-1'.

You are in 'detached HEAD' state. You can look around, make experimental
changes and commit them, and you can discard any commits you make in this
state without impacting any branches by switching back to a branch.

If you want to create a new branch to retain commits you create, you may
do so (now or later) by using -c with the switch command. Example:

  git switch -c <new-branch-name>

Or undo this operation with:

  git switch -

Turn off this advice by setting config variable advice.detachedHead to false

HEAD is now at 2cbe604 Rebase from 'upstream'
=== /workspace/unip_ros311_ws/src/orocos_kdl_vendor/orocos_kdl_vendor (git) ===
Cloning into '.'...
Note: switching to 'release/jazzy/orocos_kdl_vendor/0.5.2-1'.

You are in 'detached HEAD' state. You can look around, make experimental
changes and commit them, and you can discard any commits you make in this
state without impacting any branches by switching back to a branch.

If you want to create a new branch to retain commits you create, you may
do so (now or later) by using -c with the switch command. Example:

  git switch -c <new-branch-name>

Or undo this operation with:

  git switch -

Turn off this advice by setting config variable advice.detachedHead to false

HEAD is now at 0ac7bb8 Trimmed the branch to only the orocos_kdl_vendor sub directory
=== /workspace/unip_ros311_ws/src/pcl_msgs (git) ===
Cloning into '.'...
Note: switching to 'release/jazzy/pcl_msgs/1.0.0-9'.

You are in 'detached HEAD' state. You can look around, make experimental
changes and commit them, and you can discard any commits you make in this
state without impacting any branches by switching back to a branch.

If you want to create a new branch to retain commits you create, you may
do so (now or later) by using -c with the switch command. Example:

  git switch -c <new-branch-name>

Or undo this operation with:

  git switch -

Turn off this advice by setting config variable advice.detachedHead to false

HEAD is now at 7dc61b3 Rebase from 'upstream' (no changes)
=== /workspace/unip_ros311_ws/src/perception_pcl/pcl_conversions (git) ===
Cloning into '.'...
Note: switching to 'release/jazzy/pcl_conversions/2.6.5-1'.

You are in 'detached HEAD' state. You can look around, make experimental
changes and commit them, and you can discard any commits you make in this
state without impacting any branches by switching back to a branch.

If you want to create a new branch to retain commits you create, you may
do so (now or later) by using -c with the switch command. Example:

  git switch -c <new-branch-name>

Or undo this operation with:

  git switch -

Turn off this advice by setting config variable advice.detachedHead to false

HEAD is now at 6f17c3ab Trimmed the branch to only the pcl_conversions sub directory
=== /workspace/unip_ros311_ws/src/rcl_interfaces/statistics_msgs (git) ===
Cloning into '.'...
Note: switching to 'release/jazzy/statistics_msgs/2.0.4-1'.

You are in 'detached HEAD' state. You can look around, make experimental
changes and commit them, and you can discard any commits you make in this
state without impacting any branches by switching back to a branch.

If you want to create a new branch to retain commits you create, you may
do so (now or later) by using -c with the switch command. Example:

  git switch -c <new-branch-name>

Or undo this operation with:

  git switch -

Turn off this advice by setting config variable advice.detachedHead to false

HEAD is now at f979cb10 Trimmed the branch to only the statistics_msgs sub directory
=== /workspace/unip_ros311_ws/src/rclcpp/rclcpp (git) ===
Cloning into '.'...
Note: switching to 'release/jazzy/rclcpp/28.1.21-1'.

You are in 'detached HEAD' state. You can look around, make experimental
changes and commit them, and you can discard any commits you make in this
state without impacting any branches by switching back to a branch.

If you want to create a new branch to retain commits you create, you may
do so (now or later) by using -c with the switch command. Example:

  git switch -c <new-branch-name>

Or undo this operation with:

  git switch -

Turn off this advice by setting config variable advice.detachedHead to false

HEAD is now at 29c832375 Trimmed the branch to only the rclcpp sub directory
=== /workspace/unip_ros311_ws/src/rclcpp/rclcpp_action (git) ===
Cloning into '.'...
Note: switching to 'release/jazzy/rclcpp_action/28.1.21-1'.

You are in 'detached HEAD' state. You can look around, make experimental
changes and commit them, and you can discard any commits you make in this
state without impacting any branches by switching back to a branch.

If you want to create a new branch to retain commits you create, you may
do so (now or later) by using -c with the switch command. Example:

  git switch -c <new-branch-name>

Or undo this operation with:

  git switch -

Turn off this advice by setting config variable advice.detachedHead to false

HEAD is now at e4b5a3144 Trimmed the branch to only the rclcpp_action sub directory
=== /workspace/unip_ros311_ws/src/rclcpp/rclcpp_components (git) ===
Cloning into '.'...
Note: switching to 'release/jazzy/rclcpp_components/28.1.21-1'.

You are in 'detached HEAD' state. You can look around, make experimental
changes and commit them, and you can discard any commits you make in this
state without impacting any branches by switching back to a branch.

If you want to create a new branch to retain commits you create, you may
do so (now or later) by using -c with the switch command. Example:

  git switch -c <new-branch-name>

Or undo this operation with:

  git switch -

Turn off this advice by setting config variable advice.detachedHead to false

HEAD is now at f744cd34a Trimmed the branch to only the rclcpp_components sub directory
=== /workspace/unip_ros311_ws/src/rclcpp/rclcpp_lifecycle (git) ===
Cloning into '.'...
Note: switching to 'release/jazzy/rclcpp_lifecycle/28.1.21-1'.

You are in 'detached HEAD' state. You can look around, make experimental
changes and commit them, and you can discard any commits you make in this
state without impacting any branches by switching back to a branch.

If you want to create a new branch to retain commits you create, you may
do so (now or later) by using -c with the switch command. Example:

  git switch -c <new-branch-name>

Or undo this operation with:

  git switch -

Turn off this advice by setting config variable advice.detachedHead to false

HEAD is now at bff545e50 Trimmed the branch to only the rclcpp_lifecycle sub directory
=== /workspace/unip_ros311_ws/src/vision_opencv/cv_bridge (git) ===
Cloning into '.'...
Note: switching to 'release/jazzy/cv_bridge/4.1.0-1'.

You are in 'detached HEAD' state. You can look around, make experimental
changes and commit them, and you can discard any commits you make in this
state without impacting any branches by switching back to a branch.

If you want to create a new branch to retain commits you create, you may
do so (now or later) by using -c with the switch command. Example:

  git switch -c <new-branch-name>

Or undo this operation with:

  git switch -

Turn off this advice by setting config variable advice.detachedHead to false

HEAD is now at d30ec40 Trimmed the branch to only the cv_bridge sub directory
 ---> Removed intermediate container 9ebfdaf60dbb
 ---> aa7ac4e52ec6
Step 7/10 : RUN apt-get update &&     apt-get install -y --no-install-recommends         ca-certificates         wget         libopencv-dev         libpcl-dev         libeigen3-dev &&     rm -rf /var/lib/apt/lists/* &&     cd /tmp &&     wget -q         https://archives.boost.io/release/1.83.0/source/boost_1_83_0.tar.gz &&     tar -xzf boost_1_83_0.tar.gz &&     cd boost_1_83_0 &&     ./bootstrap.sh         --with-libraries=python         --with-python=/usr/bin/python3.11 &&     echo "===== Boost project-config.jam =====" &&     cat project-config.jam &&     echo "===== Building Boost.Python 3.11 only =====" &&     ./b2         --debug-configuration         libs/python/build//boost_python         link=shared         threading=multi         variant=release         -j"$(nproc)" &&     echo "===== Installing Boost.Python 3.11 =====" &&     BOOST_PYTHON_LIB="$(find bin.v2/libs/python/build         -type f         -name 'libboost_python311.so.1.83.0'         -print         -quit)" &&     test -n "$BOOST_PYTHON_LIB" &&     echo "Found: $BOOST_PYTHON_LIB" &&     mkdir -p /usr/local/lib &&     cp -av "$BOOST_PYTHON_LIB"         /usr/local/lib/libboost_python311.so.1.83.0 &&     ln -sf         libboost_python311.so.1.83.0         /usr/local/lib/libboost_python311.so &&     ldconfig &&     echo "===== Installed Boost.Python libraries =====" &&     ls -l /usr/local/lib/libboost_python311*
 ---> Running in f214eed1e391
Hit:1 http://security.ubuntu.com/ubuntu noble-security InRelease
Hit:2 https://ppa.launchpadcontent.net/deadsnakes/ppa/ubuntu noble InRelease
Hit:3 http://archive.ubuntu.com/ubuntu noble InRelease
Hit:4 http://archive.ubuntu.com/ubuntu noble-updates InRelease
Hit:5 http://archive.ubuntu.com/ubuntu noble-backports InRelease
Hit:6 http://packages.ros.org/ros2/ubuntu noble InRelease
Reading package lists...
[91mW: http://packages.ros.org/ros2/ubuntu/dists/noble/InRelease: Key is stored in legacy trusted.gpg keyring (/etc/apt/trusted.gpg), see the DEPRECATION section in apt-key(8) for details.
[0mReading package lists...
Building dependency tree...
Reading state information...
ca-certificates is already the newest version (20260601~24.04.1).
ca-certificates set to manually installed.
wget is already the newest version (1.21.4-1ubuntu4.4).
libeigen3-dev is already the newest version (3.4.0-4build0.1).
The following additional packages will be installed:
  ca-certificates-java default-jdk default-jdk-headless default-jre
  default-jre-headless default-libmysqlclient-dev gdal-data gdal-plugins
  hdf5-helpers java-common libaec-dev libaec0 libaom-dev libaom3
  libarmadillo-dev libarmadillo12 libarpack2-dev libarpack2t64 libavcodec-dev
  libavcodec60 libavformat-dev libavformat60 libavutil-dev libavutil58
  libblas-dev libblas3 libblosc-dev libblosc1 libbluray2 libcfitsio-dev
  libcfitsio10t64 libcharls2 libchromaprint1 libcjson1 libclang1-15t64
  libcodec2-1.2 libcurl4-openssl-dev libdav1d-dev libdav1d7 libdc1394-25
  libdc1394-dev libde265-0 libde265-dev libdeflate-dev
  libdouble-conversion-dev libexif-dev libexif12 libflann-dev libflann1.9
  libfreexl-dev libfreexl1 libfyba-dev libfyba0t64 libgd3 libgdal-dev
  libgdal34t64 libgdcm-dev libgdcm3.0t64 libgeos-c1t64 libgeos-dev
  libgeos3.12.1t64 libgeotiff-dev libgeotiff5 libgif-dev libgif7 libgl2ps-dev
  libgl2ps1.4 libgme0 libgphoto2-6t64 libgphoto2-dev libgphoto2-port12t64
  libgsm1 libgstreamer-plugins-base1.0-0 libhdf4-0-alt libhdf4-alt-dev
  libhdf5-103-1t64 libhdf5-cpp-103-1t64 libhdf5-dev libhdf5-fortran-102t64
  libhdf5-hl-100t64 libhdf5-hl-cpp-100t64 libhdf5-hl-fortran-100t64
  libhdf5-mpi-dev libhdf5-openmpi-103-1t64 libhdf5-openmpi-cpp-103-1t64
  libhdf5-openmpi-dev libhdf5-openmpi-fortran-102t64 libhdf5-openmpi-hl-100t64
  libhdf5-openmpi-hl-cpp-100t64 libhdf5-openmpi-hl-fortran-100t64 libheif-dev
  libheif-plugin-aomdec libheif1 libhwy1t64 libhyphen0 libimath-dev
  libjbig-dev libjson-c-dev libjsoncpp-dev libjxl0.7 libkml-dev libkmlbase1t64
  libkmlconvenience1t64 libkmldom1t64 libkmlengine1t64 libkmlregionator1t64
  libkmlxsd1t64 liblapack-dev liblapack3 liblept5 liblerc-dev libllvm15t64
  liblz4-dev liblzma-dev libmbedcrypto7t64 libminizip-dev libmp3lame0
  libmpg123-0t64 libmysqlclient-dev libmysqlclient21 libnetcdf-dev
  libnetcdf19t64 libnorm1t64 libodbc2 libodbccr2 libodbcinst2 libogdi-dev
  libogdi4.1 libogg-dev libogg0 libopencv-calib3d-dev libopencv-calib3d406t64
  libopencv-contrib-dev libopencv-contrib406t64 libopencv-core-dev
  libopencv-core406t64 libopencv-dnn-dev libopencv-dnn406t64
  libopencv-features2d-dev libopencv-features2d406t64 libopencv-flann-dev
  libopencv-flann406t64 libopencv-highgui-dev libopencv-highgui406t64
  libopencv-imgcodecs-dev libopencv-imgcodecs406t64 libopencv-imgproc-dev
  libopencv-imgproc406t64 libopencv-ml-dev libopencv-ml406t64
  libopencv-objdetect-dev libopencv-objdetect406t64 libopencv-photo-dev
  libopencv-photo406t64 libopencv-shape-dev libopencv-shape406t64
  libopencv-stitching-dev libopencv-stitching406t64 libopencv-superres-dev
  libopencv-superres406t64 libopencv-video-dev libopencv-video406t64
  libopencv-videoio-dev libopencv-videoio406t64 libopencv-videostab-dev
  libopencv-videostab406t64 libopencv-viz-dev libopencv-viz406t64
  libopenexr-dev libopenjp2-7-dev libopenmpt0t64 libopenni-dev libopenni0t64
  libopenni2-0 libopenni2-dev liborc-0.4-0t64 libpcap0.8t64 libpcl-apps1.14
  libpcl-common1.14 libpcl-features1.14 libpcl-filters1.14 libpcl-io1.14
  libpcl-kdtree1.14 libpcl-keypoints1.14 libpcl-ml1.14 libpcl-octree1.14
  libpcl-outofcore1.14 libpcl-people1.14 libpcl-recognition1.14
  libpcl-registration1.14 libpcl-sample-consensus1.14 libpcl-search1.14
  libpcl-segmentation1.14 libpcl-stereo1.14 libpcl-surface1.14
  libpcl-tracking1.14 libpcl-visualization1.14 libpcre2-32-0 libpcre2-dev
  libpcre2-posix3 libpgm-5.3-0t64 libpoppler-dev libpoppler-private-dev
  libpoppler134 libpq-dev libpq5 libproj-dev libproj25 libprotobuf32t64
  libqt5designercomponents5 libqt5qmlworkerscript5 libqt5quickparticles5
  libqt5quickshapes5 libqt5quicktest5 libqt5sensors5 libqt5webkit5
  libqt5webkit5-dev librabbitmq4 librav1e0 libraw1394-11 libraw1394-dev
  librist4 librttopo-dev librttopo1 libsharpyuv-dev libshine3 libsocket++1
  libsoxr0 libspatialite-dev libspatialite8t64 libspeex1 libsqlite3-dev
  libsrt1.5-gnutls libssh-gcrypt-4 libsuperlu-dev libsuperlu6 libsvtav1enc1d1
  libswresample-dev libswresample4 libswscale-dev libswscale7 libsz2
  libtbb-dev libtbb12 libtbbbind-2-5 libtbbmalloc2 libtesseract5 libtheora-dev
  libtheora0 libtiff-dev libtiffxx6 libtinyxml2.6.2v5 libtirpc-common
  libtirpc-dev libtirpc3t64 libtk8.6 libtwolame0 libudfread0 liburiparser-dev
  liburiparser1 libusb-1.0-0-dev libutfcpp-dev libva-drm2 libva-x11-2 libva2
  libvdpau1 libvorbis0a libvorbisenc2 libvorbisfile3 libvpl2 libvtk9-dev
  libvtk9-java libvtk9-qt-dev libvtk9.1t64 libvtk9.1t64-qt libwebp-dev
  libwebpdecoder3 libwoff1 libx264-164 libx265-199 libx265-dev libxerces-c-dev
  libxerces-c3.2t64 libxft-dev libxft2 libxml2-dev libxss-dev libxss1
  libxvidcore4 libzmq5 libzstd-dev libzvbi-common libzvbi0t64 mysql-common
  openjdk-21-jdk openjdk-21-jdk-headless openjdk-21-jre
  openjdk-21-jre-headless proj-data python3-mpi4py python3-vtk9 qdoc-qt5
  qhelpgenerator-qt5 qt5-assistant qt5-qmltooling-plugins
  qtattributionsscanner-qt5 qtdeclarative5-dev qtdeclarative5-dev-tools
  qttools5-dev qttools5-dev-tools qttools5-private-dev tcl-dev tcl8.6-dev tk
  tk-dev tk8.6 tk8.6-dev unixodbc-common unixodbc-dev vtk9
Suggested packages:
  libitpp-dev libcuda1 libnvcuvid1 libnvidia-encode1 liblapack-doc
  libbluray-bdj libcurl4-doc libidn-dev libkrb5-dev libldap2-dev librtmp-dev
  libssh2-1-dev libgd-tools libgdal-doc libgeotiff-epsg geotiff-bin gdal-bin
  gphoto2 libvisual-0.4-plugins libhdf4-doc hdf4-tools libhdf5-doc
  libheif-plugin-libde265 libheif-plugin-x265 libheif-plugin-ffmpegdec
  libheif-plugin-jpegdec libheif-plugin-jpegenc libheif-plugin-j2kdec
  libheif-plugin-j2kenc libheif-plugin-rav1e libheif-plugin-svtenc liblzma-doc
  netcdf-bin netcdf-doc odbc-postgresql tdsodbc ogdi-bin opencv-doc openni-doc
  openni2-doc libpcl-doc postgresql-doc-16 proj-bin libraw1394-doc speex
  sqlite3-doc libsuperlu-doc libtbb-doc vtk9-doc vtk9-examples
  java-virtual-machine libx265-doc libxerces-c-doc openjdk-21-demo
  openjdk-21-source visualvm fonts-dejavu-extra fonts-ipafont-gothic
  fonts-ipafont-mincho fonts-wqy-microhei | fonts-wqy-zenhei fonts-indic
  python3-numpy mayavi2 qt5-doc tcl-doc tcl8.6-doc tk-doc tk8.6-doc
Recommended packages:
  libaacs0 libcfitsio-doc libexif-doc proj-bin libgphoto2-l10n
  gstreamer1.0-plugins-base libheif-plugin-aomenc opencv-data libopencv-java
  libopenni-sensor-pointclouds0 | libopenni-sensor-primesense0 poppler-data
  libraw1394-tools libusb-1.0-doc va-driver-all | va-driver vdpau-driver-all
  | vdpau-driver libatk-wrapper-java-jni fonts-dejavu-extra
The following NEW packages will be installed:
  ca-certificates-java default-jdk default-jdk-headless default-jre
  default-jre-headless default-libmysqlclient-dev gdal-data gdal-plugins
  hdf5-helpers java-common libaec-dev libaec0 libaom-dev libaom3
  libarmadillo-dev libarmadillo12 libarpack2-dev libarpack2t64 libavcodec-dev
  libavcodec60 libavformat-dev libavformat60 libavutil-dev libavutil58
  libblas-dev libblas3 libblosc-dev libblosc1 libbluray2 libcfitsio-dev
  libcfitsio10t64 libcharls2 libchromaprint1 libcjson1 libclang1-15t64
  libcodec2-1.2 libcurl4-openssl-dev libdav1d-dev libdav1d7 libdc1394-25
  libdc1394-dev libde265-0 libde265-dev libdeflate-dev
  libdouble-conversion-dev libexif-dev libexif12 libflann-dev libflann1.9
  libfreexl-dev libfreexl1 libfyba-dev libfyba0t64 libgd3 libgdal-dev
  libgdal34t64 libgdcm-dev libgdcm3.0t64 libgeos-c1t64 libgeos-dev
  libgeos3.12.1t64 libgeotiff-dev libgeotiff5 libgif-dev libgif7 libgl2ps-dev
  libgl2ps1.4 libgme0 libgphoto2-6t64 libgphoto2-dev libgphoto2-port12t64
  libgsm1 libgstreamer-plugins-base1.0-0 libhdf4-0-alt libhdf4-alt-dev
  libhdf5-103-1t64 libhdf5-cpp-103-1t64 libhdf5-dev libhdf5-fortran-102t64
  libhdf5-hl-100t64 libhdf5-hl-cpp-100t64 libhdf5-hl-fortran-100t64
  libhdf5-mpi-dev libhdf5-openmpi-103-1t64 libhdf5-openmpi-cpp-103-1t64
  libhdf5-openmpi-dev libhdf5-openmpi-fortran-102t64 libhdf5-openmpi-hl-100t64
  libhdf5-openmpi-hl-cpp-100t64 libhdf5-openmpi-hl-fortran-100t64 libheif-dev
  libheif-plugin-aomdec libheif1 libhwy1t64 libhyphen0 libimath-dev
  libjbig-dev libjson-c-dev libjsoncpp-dev libjxl0.7 libkml-dev libkmlbase1t64
  libkmlconvenience1t64 libkmldom1t64 libkmlengine1t64 libkmlregionator1t64
  libkmlxsd1t64 liblapack-dev liblapack3 liblept5 liblerc-dev libllvm15t64
  liblz4-dev liblzma-dev libmbedcrypto7t64 libminizip-dev libmp3lame0
  libmpg123-0t64 libmysqlclient-dev libmysqlclient21 libnetcdf-dev
  libnetcdf19t64 libnorm1t64 libodbc2 libodbccr2 libodbcinst2 libogdi-dev
  libogdi4.1 libogg-dev libogg0 libopencv-calib3d-dev libopencv-calib3d406t64
  libopencv-contrib-dev libopencv-contrib406t64 libopencv-core-dev
  libopencv-core406t64 libopencv-dev libopencv-dnn-dev libopencv-dnn406t64
  libopencv-features2d-dev libopencv-features2d406t64 libopencv-flann-dev
  libopencv-flann406t64 libopencv-highgui-dev libopencv-highgui406t64
  libopencv-imgcodecs-dev libopencv-imgcodecs406t64 libopencv-imgproc-dev
  libopencv-imgproc406t64 libopencv-ml-dev libopencv-ml406t64
  libopencv-objdetect-dev libopencv-objdetect406t64 libopencv-photo-dev
  libopencv-photo406t64 libopencv-shape-dev libopencv-shape406t64
  libopencv-stitching-dev libopencv-stitching406t64 libopencv-superres-dev
  libopencv-superres406t64 libopencv-video-dev libopencv-video406t64
  libopencv-videoio-dev libopencv-videoio406t64 libopencv-videostab-dev
  libopencv-videostab406t64 libopencv-viz-dev libopencv-viz406t64
  libopenexr-dev libopenjp2-7-dev libopenmpt0t64 libopenni-dev libopenni0t64
  libopenni2-0 libopenni2-dev liborc-0.4-0t64 libpcap0.8t64 libpcl-apps1.14
  libpcl-common1.14 libpcl-dev libpcl-features1.14 libpcl-filters1.14
  libpcl-io1.14 libpcl-kdtree1.14 libpcl-keypoints1.14 libpcl-ml1.14
  libpcl-octree1.14 libpcl-outofcore1.14 libpcl-people1.14
  libpcl-recognition1.14 libpcl-registration1.14 libpcl-sample-consensus1.14
  libpcl-search1.14 libpcl-segmentation1.14 libpcl-stereo1.14
  libpcl-surface1.14 libpcl-tracking1.14 libpcl-visualization1.14
  libpcre2-32-0 libpcre2-dev libpcre2-posix3 libpgm-5.3-0t64 libpoppler-dev
  libpoppler-private-dev libpoppler134 libpq-dev libpq5 libproj-dev libproj25
  libprotobuf32t64 libqt5designercomponents5 libqt5qmlworkerscript5
  libqt5quickparticles5 libqt5quickshapes5 libqt5quicktest5 libqt5sensors5
  libqt5webkit5 libqt5webkit5-dev librabbitmq4 librav1e0 libraw1394-11
  libraw1394-dev librist4 librttopo-dev librttopo1 libsharpyuv-dev libshine3
  libsocket++1 libsoxr0 libspatialite-dev libspatialite8t64 libspeex1
  libsqlite3-dev libsrt1.5-gnutls libssh-gcrypt-4 libsuperlu-dev libsuperlu6
  libsvtav1enc1d1 libswresample-dev libswresample4 libswscale-dev libswscale7
  libsz2 libtbb-dev libtbb12 libtbbbind-2-5 libtbbmalloc2 libtesseract5
  libtheora-dev libtheora0 libtiff-dev libtiffxx6 libtinyxml2.6.2v5
  libtirpc-common libtirpc-dev libtirpc3t64 libtk8.6 libtwolame0 libudfread0
  liburiparser-dev liburiparser1 libusb-1.0-0-dev libutfcpp-dev libva-drm2
  libva-x11-2 libva2 libvdpau1 libvorbis0a libvorbisenc2 libvorbisfile3
  libvpl2 libvtk9-dev libvtk9-java libvtk9-qt-dev libvtk9.1t64 libvtk9.1t64-qt
  libwebp-dev libwebpdecoder3 libwoff1 libx264-164 libx265-199 libx265-dev
  libxerces-c-dev libxerces-c3.2t64 libxft-dev libxft2 libxml2-dev libxss-dev
  libxss1 libxvidcore4 libzmq5 libzstd-dev libzvbi-common libzvbi0t64
  mysql-common openjdk-21-jdk openjdk-21-jdk-headless openjdk-21-jre
  openjdk-21-jre-headless proj-data python3-mpi4py python3-vtk9 qdoc-qt5
  qhelpgenerator-qt5 qt5-assistant qt5-qmltooling-plugins
  qtattributionsscanner-qt5 qtdeclarative5-dev qtdeclarative5-dev-tools
  qttools5-dev qttools5-dev-tools qttools5-private-dev tcl-dev tcl8.6-dev tk
  tk-dev tk8.6 tk8.6-dev unixodbc-common unixodbc-dev vtk9
0 upgraded, 322 newly installed, 0 to remove and 0 not upgraded.
Need to get 377 MB of archives.
After this operation, 1454 MB of additional disk space will be used.
Get:1 http://archive.ubuntu.com/ubuntu noble-updates/main amd64 liborc-0.4-0t64 amd64 1:0.4.38-1ubuntu0.1 [207 kB]
Get:2 http://archive.ubuntu.com/ubuntu noble-updates/main amd64 libgstreamer-plugins-base1.0-0 amd64 1.24.2-1ubuntu0.4 [862 kB]
Get:3 http://archive.ubuntu.com/ubuntu noble/main amd64 libhyphen0 amd64 2.8.8-7build3 [26.5 kB]
Get:4 http://archive.ubuntu.com/ubuntu noble/universe amd64 libqt5sensors5 amd64 5.15.13-1 [122 kB]
Get:5 http://archive.ubuntu.com/ubuntu noble/main amd64 libwoff1 amd64 1.0.2-2build1 [45.3 kB]
Get:6 http://archive.ubuntu.com/ubuntu noble/universe amd64 libqt5webkit5 amd64 5.212.0~alpha4-36 [12.8 MB]
Get:7 http://archive.ubuntu.com/ubuntu noble-updates/universe amd64 libqt5qmlworkerscript5 amd64 5.15.13+dfsg-1ubuntu0.1 [33.6 kB]
Get:8 http://archive.ubuntu.com/ubuntu noble-updates/universe amd64 libqt5quickparticles5 amd64 5.15.13+dfsg-1ubuntu0.1 [216 kB]
Get:9 http://archive.ubuntu.com/ubuntu noble-updates/universe amd64 libqt5quickshapes5 amd64 5.15.13+dfsg-1ubuntu0.1 [102 kB]
Get:10 http://archive.ubuntu.com/ubuntu noble-updates/universe amd64 libqt5quicktest5 amd64 5.15.13+dfsg-1ubuntu0.1 [57.0 kB]
Get:11 http://archive.ubuntu.com/ubuntu noble-updates/universe amd64 qt5-qmltooling-plugins amd64 5.15.13+dfsg-1ubuntu0.1 [190 kB]
Get:12 http://archive.ubuntu.com/ubuntu noble-updates/universe amd64 qtdeclarative5-dev-tools amd64 5.15.13+dfsg-1ubuntu0.1 [675 kB]
Get:13 http://archive.ubuntu.com/ubuntu noble-updates/universe amd64 qtdeclarative5-dev amd64 5.15.13+dfsg-1ubuntu0.1 [488 kB]
Get:14 http://archive.ubuntu.com/ubuntu noble/universe amd64 libqt5webkit5-dev amd64 5.212.0~alpha4-36 [54.6 kB]
Get:15 http://archive.ubuntu.com/ubuntu noble/main amd64 libtirpc-common all 1.3.4+ds-1.1build1 [8094 B]
Get:16 http://archive.ubuntu.com/ubuntu noble/main amd64 libtirpc3t64 amd64 1.3.4+ds-1.1build1 [82.6 kB]
Get:17 http://archive.ubuntu.com/ubuntu noble/main amd64 libpcap0.8t64 amd64 1.10.4-4.1ubuntu3 [151 kB]
Get:18 http://archive.ubuntu.com/ubuntu noble/main amd64 ca-certificates-java all 20240118 [11.6 kB]
Get:19 http://archive.ubuntu.com/ubuntu noble/main amd64 java-common all 0.75+exp1 [6798 B]
Get:20 http://archive.ubuntu.com/ubuntu noble-updates/main amd64 openjdk-21-jre-headless amd64 21.0.11+10-1~24.04.2 [46.5 MB]
Get:21 http://archive.ubuntu.com/ubuntu noble/main amd64 default-jre-headless amd64 2:1.21-75+exp1 [3094 B]
Get:22 http://archive.ubuntu.com/ubuntu noble-updates/main amd64 libgif7 amd64 5.2.2-1ubuntu1.2 [35.6 kB]
Get:23 http://archive.ubuntu.com/ubuntu noble-updates/main amd64 openjdk-21-jre amd64 21.0.11+10-1~24.04.2 [232 kB]
Get:24 http://archive.ubuntu.com/ubuntu noble/main amd64 default-jre amd64 2:1.21-75+exp1 [922 B]
Get:25 http://archive.ubuntu.com/ubuntu noble-updates/main amd64 openjdk-21-jdk-headless amd64 21.0.11+10-1~24.04.2 [82.8 MB]
Get:26 http://archive.ubuntu.com/ubuntu noble/main amd64 default-jdk-headless amd64 2:1.21-75+exp1 [960 B]
Get:27 http://archive.ubuntu.com/ubuntu noble-updates/main amd64 openjdk-21-jdk amd64 21.0.11+10-1~24.04.2 [1656 kB]
Get:28 http://archive.ubuntu.com/ubuntu noble/main amd64 default-jdk amd64 2:1.21-75+exp1 [926 B]
Get:29 http://archive.ubuntu.com/ubuntu noble/main amd64 mysql-common all 5.8+1.1.0build1 [6746 B]
Get:30 http://archive.ubuntu.com/ubuntu noble-updates/main amd64 libmysqlclient21 amd64 8.0.46-0ubuntu0.24.04.3 [1255 kB]
Get:31 http://archive.ubuntu.com/ubuntu noble-updates/main amd64 libzstd-dev amd64 1.5.5+dfsg2-2build1.1 [364 kB]
Get:32 http://archive.ubuntu.com/ubuntu noble-updates/main amd64 libmysqlclient-dev amd64 8.0.46-0ubuntu0.24.04.3 [1590 kB]
Get:33 http://archive.ubuntu.com/ubuntu noble/main amd64 default-libmysqlclient-dev amd64 1.1.0build1 [3132 B]
Get:34 http://archive.ubuntu.com/ubuntu noble/universe amd64 gdal-data all 3.8.4+dfsg-3ubuntu3 [261 kB]
Get:35 http://archive.ubuntu.com/ubuntu noble/universe amd64 gdal-plugins amd64 3.8.4+dfsg-3ubuntu3 [24.8 kB]
Get:36 http://archive.ubuntu.com/ubuntu noble/universe amd64 hdf5-helpers amd64 1.10.10+repack-3.1ubuntu4 [15.8 kB]
Get:37 http://archive.ubuntu.com/ubuntu noble/universe amd64 libaec0 amd64 1.1.2-1build1 [22.9 kB]
Get:38 http://archive.ubuntu.com/ubuntu noble-updates/main amd64 libaom3 amd64 3.8.2-2ubuntu0.1 [1941 kB]
Get:39 http://archive.ubuntu.com/ubuntu noble-updates/main amd64 libaom-dev amd64 3.8.2-2ubuntu0.1 [2266 kB]
Get:40 http://archive.ubuntu.com/ubuntu noble-updates/main amd64 libblas3 amd64 3.12.0-3build1.1 [238 kB]
Get:41 http://archive.ubuntu.com/ubuntu noble-updates/main amd64 liblapack3 amd64 3.12.0-3build1.1 [2646 kB]
Get:42 http://archive.ubuntu.com/ubuntu noble/universe amd64 libarpack2t64 amd64 3.9.1-1.1build2 [106 kB]
Get:43 http://archive.ubuntu.com/ubuntu noble/universe amd64 libsuperlu6 amd64 6.0.1+dfsg1-1build1 [180 kB]
Get:44 http://archive.ubuntu.com/ubuntu noble/universe amd64 libarmadillo12 amd64 1:12.6.7+dfsg-1build2 [106 kB]
Get:45 http://archive.ubuntu.com/ubuntu noble-updates/main amd64 libblas-dev amd64 3.12.0-3build1.1 [170 kB]
Get:46 http://archive.ubuntu.com/ubuntu noble-updates/main amd64 liblapack-dev amd64 3.12.0-3build1.1 [5196 kB]
Get:47 http://archive.ubuntu.com/ubuntu noble/universe amd64 libarpack2-dev amd64 3.9.1-1.1build2 [122 kB]
Get:48 http://archive.ubuntu.com/ubuntu noble/universe amd64 libsz2 amd64 1.1.2-1build1 [5476 B]
Get:49 http://archive.ubuntu.com/ubuntu noble/universe amd64 libhdf5-103-1t64 amd64 1.10.10+repack-3.1ubuntu4 [1270 kB]
Get:50 http://archive.ubuntu.com/ubuntu noble/universe amd64 libhdf5-fortran-102t64 amd64 1.10.10+repack-3.1ubuntu4 [85.2 kB]
Get:51 http://archive.ubuntu.com/ubuntu noble/universe amd64 libhdf5-hl-100t64 amd64 1.10.10+repack-3.1ubuntu4 [56.0 kB]
Get:52 http://archive.ubuntu.com/ubuntu noble/universe amd64 libhdf5-hl-fortran-100t64 amd64 1.10.10+repack-3.1ubuntu4 [31.5 kB]
Get:53 http://archive.ubuntu.com/ubuntu noble/universe amd64 libhdf5-cpp-103-1t64 amd64 1.10.10+repack-3.1ubuntu4 [128 kB]
Get:54 http://archive.ubuntu.com/ubuntu noble/universe amd64 libhdf5-hl-cpp-100t64 amd64 1.10.10+repack-3.1ubuntu4 [11.2 kB]
Get:55 http://archive.ubuntu.com/ubuntu noble/universe amd64 libaec-dev amd64 1.1.2-1build1 [19.8 kB]
Get:56 http://archive.ubuntu.com/ubuntu noble-updates/main amd64 libcurl4-openssl-dev amd64 8.5.0-2ubuntu10.11 [446 kB]
Get:57 http://archive.ubuntu.com/ubuntu noble/universe amd64 libhdf5-dev amd64 1.10.10+repack-3.1ubuntu4 [2777 kB]
Get:58 http://archive.ubuntu.com/ubuntu noble/universe amd64 libsuperlu-dev amd64 6.0.1+dfsg1-1build1 [20.7 kB]
Get:59 http://archive.ubuntu.com/ubuntu noble/universe amd64 libarmadillo-dev amd64 1:12.6.7+dfsg-1build2 [409 kB]
Get:60 http://archive.ubuntu.com/ubuntu noble-updates/universe amd64 libva2 amd64 2.20.0-2ubuntu0.2 [66.4 kB]
Get:61 http://archive.ubuntu.com/ubuntu noble-updates/universe amd64 libva-drm2 amd64 2.20.0-2ubuntu0.2 [7124 B]
Get:62 http://archive.ubuntu.com/ubuntu noble-updates/universe amd64 libva-x11-2 amd64 2.20.0-2ubuntu0.2 [12.0 kB]
Get:63 http://archive.ubuntu.com/ubuntu noble/main amd64 libvdpau1 amd64 1.5-2build1 [27.8 kB]
Get:64 http://archive.ubuntu.com/ubuntu noble/universe amd64 libvpl2 amd64 2023.3.0-1build1 [99.8 kB]
Get:65 http://archive.ubuntu.com/ubuntu noble/universe amd64 libavutil58 amd64 7:6.1.1-3ubuntu5 [401 kB]
Get:66 http://archive.ubuntu.com/ubuntu noble/universe amd64 libcodec2-1.2 amd64 1.2.0-2build1 [8998 kB]
Get:67 http://archive.ubuntu.com/ubuntu noble/universe amd64 libdav1d7 amd64 1.4.1-1build1 [604 kB]
Get:68 http://archive.ubuntu.com/ubuntu noble/universe amd64 libgsm1 amd64 1.0.22-1build1 [27.8 kB]
Get:69 http://archive.ubuntu.com/ubuntu noble/universe amd64 libhwy1t64 amd64 1.0.7-8.1build1 [584 kB]
Get:70 http://archive.ubuntu.com/ubuntu noble-updates/universe amd64 libjxl0.7 amd64 0.7.0-10.2ubuntu6.1 [1001 kB]
Get:71 http://archive.ubuntu.com/ubuntu noble/main amd64 libmp3lame0 amd64 3.100-6build1 [142 kB]
Get:72 http://archive.ubuntu.com/ubuntu noble/universe amd64 librav1e0 amd64 0.7.1-2 [1022 kB]
Get:73 http://archive.ubuntu.com/ubuntu noble/universe amd64 libshine3 amd64 3.1.1-2build1 [23.2 kB]
Get:74 http://archive.ubuntu.com/ubuntu noble-updates/main amd64 libspeex1 amd64 1.2.1-2ubuntu2.24.04.1 [59.6 kB]
Get:75 http://archive.ubuntu.com/ubuntu noble/universe amd64 libsvtav1enc1d1 amd64 1.7.0+dfsg-2build1 [2425 kB]
Get:76 http://archive.ubuntu.com/ubuntu noble/universe amd64 libsoxr0 amd64 0.1.3-4build3 [80.0 kB]
Get:77 http://archive.ubuntu.com/ubuntu noble/universe amd64 libswresample4 amd64 7:6.1.1-3ubuntu5 [63.8 kB]
Get:78 http://archive.ubuntu.com/ubuntu noble/main amd64 libogg0 amd64 1.3.5-3build1 [22.7 kB]
Get:79 http://archive.ubuntu.com/ubuntu noble/main amd64 libtheora0 amd64 1.1.1+dfsg.1-16.1build3 [211 kB]
Get:80 http://archive.ubuntu.com/ubuntu noble/main amd64 libtwolame0 amd64 0.4.0-2build3 [52.3 kB]
Get:81 http://archive.ubuntu.com/ubuntu noble/main amd64 libvorbis0a amd64 1.3.7-1build3 [97.6 kB]
Get:82 http://archive.ubuntu.com/ubuntu noble/main amd64 libvorbisenc2 amd64 1.3.7-1build3 [80.8 kB]
Get:83 http://archive.ubuntu.com/ubuntu noble/universe amd64 libx264-164 amd64 2:0.164.3108+git31e19f9-1 [604 kB]
Get:84 http://archive.ubuntu.com/ubuntu noble/universe amd64 libx265-199 amd64 3.5-2build1 [1226 kB]
Get:85 http://archive.ubuntu.com/ubuntu noble/universe amd64 libxvidcore4 amd64 2:1.3.7-1build1 [219 kB]
Get:86 http://archive.ubuntu.com/ubuntu noble/universe amd64 libzvbi-common all 0.2.42-2 [42.4 kB]
Get:87 http://archive.ubuntu.com/ubuntu noble/universe amd64 libzvbi0t64 amd64 0.2.42-2 [261 kB]
Get:88 http://archive.ubuntu.com/ubuntu noble/universe amd64 libavcodec60 amd64 7:6.1.1-3ubuntu5 [5851 kB]
Get:89 http://archive.ubuntu.com/ubuntu noble/universe amd64 libavutil-dev amd64 7:6.1.1-3ubuntu5 [547 kB]
Get:90 http://archive.ubuntu.com/ubuntu noble/universe amd64 libswresample-dev amd64 7:6.1.1-3ubuntu5 [79.7 kB]
Get:91 http://archive.ubuntu.com/ubuntu noble/universe amd64 libavcodec-dev amd64 7:6.1.1-3ubuntu5 [6504 kB]
Get:92 http://archive.ubuntu.com/ubuntu noble/universe amd64 libudfread0 amd64 1.1.2-1build1 [19.0 kB]
Get:93 http://archive.ubuntu.com/ubuntu noble/universe amd64 libbluray2 amd64 1:1.3.4-1build1 [159 kB]
Get:94 http://archive.ubuntu.com/ubuntu noble/universe amd64 libchromaprint1 amd64 1.5.1-5 [30.5 kB]
Get:95 http://archive.ubuntu.com/ubuntu noble/universe amd64 libgme0 amd64 0.6.3-7build1 [134 kB]
Get:96 http://archive.ubuntu.com/ubuntu noble-updates/main amd64 libmpg123-0t64 amd64 1.32.5-1ubuntu1.1 [169 kB]
Get:97 http://archive.ubuntu.com/ubuntu noble/main amd64 libvorbisfile3 amd64 1.3.7-1build3 [17.1 kB]
Get:98 http://archive.ubuntu.com/ubuntu noble/universe amd64 libopenmpt0t64 amd64 0.7.3-1.1build3 [647 kB]
Get:99 http://archive.ubuntu.com/ubuntu noble-updates/main amd64 librabbitmq4 amd64 0.11.0-1ubuntu0.1 [37.8 kB]
Get:100 http://archive.ubuntu.com/ubuntu noble/universe amd64 libcjson1 amd64 1.7.17-1 [24.8 kB]
Get:101 http://archive.ubuntu.com/ubuntu noble/universe amd64 libmbedcrypto7t64 amd64 2.28.8-1 [209 kB]
Get:102 http://archive.ubuntu.com/ubuntu noble/universe amd64 librist4 amd64 0.2.10+dfsg-2 [74.9 kB]
Get:103 http://archive.ubuntu.com/ubuntu noble/universe amd64 libsrt1.5-gnutls amd64 1.5.3-1build2 [316 kB]
Get:104 http://archive.ubuntu.com/ubuntu noble-updates/main amd64 libssh-gcrypt-4 amd64 0.10.6-2ubuntu0.4 [225 kB]
Get:105 http://archive.ubuntu.com/ubuntu noble/universe amd64 libnorm1t64 amd64 1.5.9+dfsg-3.1build1 [154 kB]
Get:106 http://archive.ubuntu.com/ubuntu noble/universe amd64 libpgm-5.3-0t64 amd64 5.3.128~dfsg-2.1build1 [167 kB]
Get:107 http://archive.ubuntu.com/ubuntu noble/universe amd64 libzmq5 amd64 4.3.5-1build2 [260 kB]
Get:108 http://archive.ubuntu.com/ubuntu noble/universe amd64 libavformat60 amd64 7:6.1.1-3ubuntu5 [1153 kB]
Get:109 http://archive.ubuntu.com/ubuntu noble/universe amd64 libavformat-dev amd64 7:6.1.1-3ubuntu5 [1398 kB]
Get:110 http://archive.ubuntu.com/ubuntu noble/universe amd64 libblosc1 amd64 1.21.5+ds-1build1 [36.2 kB]
Get:111 http://archive.ubuntu.com/ubuntu noble/universe amd64 libblosc-dev amd64 1.21.5+ds-1build1 [43.7 kB]
Get:112 http://archive.ubuntu.com/ubuntu noble/universe amd64 libcfitsio10t64 amd64 4.3.1-1.1build2 [528 kB]
Get:113 http://archive.ubuntu.com/ubuntu noble/universe amd64 libcfitsio-dev amd64 4.3.1-1.1build2 [598 kB]
Get:114 http://archive.ubuntu.com/ubuntu noble/universe amd64 libcharls2 amd64 2.4.2-2build2 [90.4 kB]
Get:115 http://archive.ubuntu.com/ubuntu noble/universe amd64 libllvm15t64 amd64 1:15.0.7-14build3 [25.5 MB]
Get:116 http://archive.ubuntu.com/ubuntu noble/universe amd64 libclang1-15t64 amd64 1:15.0.7-14build3 [6958 kB]
Get:117 http://archive.ubuntu.com/ubuntu noble/universe amd64 libdav1d-dev amd64 1.4.1-1build1 [25.3 kB]
Get:118 http://archive.ubuntu.com/ubuntu noble/main amd64 libraw1394-11 amd64 2.1.2-2build3 [26.2 kB]
Get:119 http://archive.ubuntu.com/ubuntu noble/universe amd64 libdc1394-25 amd64 2.2.6-4build1 [90.1 kB]
Get:120 http://archive.ubuntu.com/ubuntu noble/main amd64 libraw1394-dev amd64 2.1.2-2build3 [38.3 kB]
Get:121 http://archive.ubuntu.com/ubuntu noble/universe amd64 libdc1394-dev amd64 2.2.6-4build1 [119 kB]
Get:122 http://archive.ubuntu.com/ubuntu noble-updates/main amd64 libde265-0 amd64 1.0.15-1ubuntu0.1 [167 kB]
Get:123 http://archive.ubuntu.com/ubuntu noble-updates/main amd64 libde265-dev amd64 1.0.15-1ubuntu0.1 [12.6 kB]
Get:124 http://archive.ubuntu.com/ubuntu noble-updates/main amd64 libdeflate-dev amd64 1.19-1build1.1 [50.9 kB]
Get:125 http://archive.ubuntu.com/ubuntu noble-updates/main amd64 libexif12 amd64 0.6.24-1ubuntu0.24.04.1 [88.3 kB]
Get:126 http://archive.ubuntu.com/ubuntu noble-updates/main amd64 libexif-dev amd64 0.6.24-1ubuntu0.24.04.1 [110 kB]
Get:127 http://archive.ubuntu.com/ubuntu noble/universe amd64 libflann1.9 amd64 1.9.2+dfsg-2build1 [794 kB]
Get:128 http://archive.ubuntu.com/ubuntu noble/universe amd64 libhdf5-openmpi-103-1t64 amd64 1.10.10+repack-3.1ubuntu4 [1325 kB]
Get:129 http://archive.ubuntu.com/ubuntu noble/universe amd64 libhdf5-openmpi-fortran-102t64 amd64 1.10.10+repack-3.1ubuntu4 [85.5 kB]
Get:130 http://archive.ubuntu.com/ubuntu noble/universe amd64 libhdf5-openmpi-hl-100t64 amd64 1.10.10+repack-3.1ubuntu4 [56.4 kB]
Get:131 http://archive.ubuntu.com/ubuntu noble/universe amd64 libhdf5-openmpi-hl-fortran-100t64 amd64 1.10.10+repack-3.1ubuntu4 [31.7 kB]
Get:132 http://archive.ubuntu.com/ubuntu noble/universe amd64 libhdf5-openmpi-cpp-103-1t64 amd64 1.10.10+repack-3.1ubuntu4 [127 kB]
Get:133 http://archive.ubuntu.com/ubuntu noble/universe amd64 libhdf5-openmpi-hl-cpp-100t64 amd64 1.10.10+repack-3.1ubuntu4 [11.2 kB]
Get:134 http://archive.ubuntu.com/ubuntu noble/universe amd64 libhdf5-openmpi-dev amd64 1.10.10+repack-3.1ubuntu4 [2850 kB]
Get:135 http://archive.ubuntu.com/ubuntu noble/universe amd64 libhdf5-mpi-dev amd64 1.10.10+repack-3.1ubuntu4 [4622 B]
Get:136 http://archive.ubuntu.com/ubuntu noble-updates/main amd64 liblz4-dev amd64 1.9.4-1build1.1 [87.6 kB]
Get:137 http://archive.ubuntu.com/ubuntu noble/universe amd64 libflann-dev amd64 1.9.2+dfsg-2build1 [816 kB]
Get:138 http://archive.ubuntu.com/ubuntu noble/universe amd64 libfyba0t64 amd64 4.1.1-11build1 [119 kB]
Get:139 http://archive.ubuntu.com/ubuntu noble/universe amd64 libfyba-dev amd64 4.1.1-11build1 [178 kB]
Get:140 http://archive.ubuntu.com/ubuntu noble-updates/main amd64 libheif-plugin-aomdec amd64 1.17.6-1ubuntu4.6 [11.3 kB]
Get:141 http://archive.ubuntu.com/ubuntu noble-updates/main amd64 libheif1 amd64 1.17.6-1ubuntu4.6 [276 kB]
Get:142 http://archive.ubuntu.com/ubuntu noble/main amd64 libgd3 amd64 2.3.3-9ubuntu5 [128 kB]
Get:143 http://archive.ubuntu.com/ubuntu noble/universe amd64 libfreexl1 amd64 2.0.0-1build2 [41.7 kB]
Get:144 http://archive.ubuntu.com/ubuntu noble/universe amd64 libgeos3.12.1t64 amd64 3.12.1-3build1 [849 kB]
Get:145 http://archive.ubuntu.com/ubuntu noble/universe amd64 libgeos-c1t64 amd64 3.12.1-3build1 [94.5 kB]
Get:146 http://archive.ubuntu.com/ubuntu noble/universe amd64 proj-data all 9.4.0-1build2 [7885 kB]
Get:147 http://archive.ubuntu.com/ubuntu noble/universe amd64 libproj25 amd64 9.4.0-1build2 [1396 kB]
Get:148 http://archive.ubuntu.com/ubuntu noble/universe amd64 libgeotiff5 amd64 1.7.1-5build1 [62.9 kB]
Get:149 http://archive.ubuntu.com/ubuntu noble/universe amd64 libhdf4-0-alt amd64 4.2.16-4build1 [282 kB]
Get:150 http://archive.ubuntu.com/ubuntu noble/universe amd64 liburiparser1 amd64 0.9.7+dfsg-2build1 [35.8 kB]
Get:151 http://archive.ubuntu.com/ubuntu noble/universe amd64 libkmlbase1t64 amd64 1.3.0-12build1 [49.9 kB]
Get:152 http://archive.ubuntu.com/ubuntu noble/universe amd64 libkmldom1t64 amd64 1.3.0-12build1 [156 kB]
Get:153 http://archive.ubuntu.com/ubuntu noble/universe amd64 libkmlengine1t64 amd64 1.3.0-12build1 [71.4 kB]
Get:154 http://archive.ubuntu.com/ubuntu noble/universe amd64 libnetcdf19t64 amd64 1:4.9.2-5ubuntu4 [473 kB]
Get:155 http://archive.ubuntu.com/ubuntu noble-updates/main amd64 libodbc2 amd64 2.3.12-1ubuntu0.24.04.1 [158 kB]
Get:156 http://archive.ubuntu.com/ubuntu noble-updates/main amd64 unixodbc-common all 2.3.12-1ubuntu0.24.04.1 [8806 B]
Get:157 http://archive.ubuntu.com/ubuntu noble-updates/main amd64 libodbcinst2 amd64 2.3.12-1ubuntu0.24.04.1 [30.7 kB]
Get:158 http://archive.ubuntu.com/ubuntu noble/universe amd64 libogdi4.1 amd64 4.1.1+ds-3build1 [226 kB]
Get:159 http://archive.ubuntu.com/ubuntu noble-updates/main amd64 libpoppler134 amd64 24.02.0-1ubuntu9.9 [1118 kB]
Get:160 http://archive.ubuntu.com/ubuntu noble-updates/main amd64 libpq5 amd64 16.14-0ubuntu0.24.04.1 [147 kB]
Get:161 http://archive.ubuntu.com/ubuntu noble/universe amd64 librttopo1 amd64 1.1.0-3build2 [191 kB]
Get:162 http://archive.ubuntu.com/ubuntu noble/universe amd64 libspatialite8t64 amd64 5.1.0-3build1 [1919 kB]
Get:163 http://archive.ubuntu.com/ubuntu noble/universe amd64 libxerces-c3.2t64 amd64 3.2.4+debian-1.2ubuntu2 [919 kB]
Get:164 http://archive.ubuntu.com/ubuntu noble/universe amd64 libgdal34t64 amd64 3.8.4+dfsg-3ubuntu3 [8346 kB]
Get:165 http://archive.ubuntu.com/ubuntu noble/universe amd64 libsocket++1 amd64 1.12.13+git20131030.5d039ba-1build1 [83.1 kB]
Get:166 http://archive.ubuntu.com/ubuntu noble/universe amd64 libgdcm3.0t64 amd64 3.0.22-2.1ubuntu1 [2160 kB]
Get:167 http://archive.ubuntu.com/ubuntu noble/universe amd64 libgdcm-dev amd64 3.0.22-2.1ubuntu1 [268 kB]
Get:168 http://archive.ubuntu.com/ubuntu noble/universe amd64 libgeos-dev amd64 3.12.1-3build1 [54.4 kB]
Get:169 http://archive.ubuntu.com/ubuntu noble-updates/main amd64 libgif-dev amd64 5.2.2-1ubuntu1.2 [22.9 kB]
Get:170 http://archive.ubuntu.com/ubuntu noble/universe amd64 libgl2ps1.4 amd64 1.4.2+dfsg1-2build1 [41.9 kB]
Get:171 http://archive.ubuntu.com/ubuntu noble/universe amd64 libgl2ps-dev amd64 1.4.2+dfsg1-2build1 [247 kB]
Get:172 http://archive.ubuntu.com/ubuntu noble-updates/main amd64 libgphoto2-port12t64 amd64 2.5.31-2.1ubuntu1.1 [59.2 kB]
Get:173 http://archive.ubuntu.com/ubuntu noble-updates/main amd64 libgphoto2-6t64 amd64 2.5.31-2.1ubuntu1.1 [735 kB]
Get:174 http://archive.ubuntu.com/ubuntu noble-updates/main amd64 libgphoto2-dev amd64 2.5.31-2.1ubuntu1.1 [33.2 kB]
Get:175 http://archive.ubuntu.com/ubuntu noble/main amd64 libsharpyuv-dev amd64 1.3.2-0.4build3 [16.0 kB]
Get:176 http://archive.ubuntu.com/ubuntu noble/universe amd64 libx265-dev amd64 3.5-2build1 [1351 kB]
Get:177 http://archive.ubuntu.com/ubuntu noble-updates/universe amd64 libheif-dev amd64 1.17.6-1ubuntu4.6 [41.6 kB]
Get:178 http://archive.ubuntu.com/ubuntu noble/universe amd64 libimath-dev amd64 3.1.9-3.1ubuntu2 [115 kB]
Get:179 http://archive.ubuntu.com/ubuntu noble/universe amd64 libkmlconvenience1t64 amd64 1.3.0-12build1 [49.8 kB]
Get:180 http://archive.ubuntu.com/ubuntu noble/universe amd64 libkmlregionator1t64 amd64 1.3.0-12build1 [21.4 kB]
Get:181 http://archive.ubuntu.com/ubuntu noble/universe amd64 libkmlxsd1t64 amd64 1.3.0-12build1 [29.7 kB]
Get:182 http://archive.ubuntu.com/ubuntu noble/universe amd64 liblept5 amd64 1.82.0-3build4 [1099 kB]
Get:183 http://archive.ubuntu.com/ubuntu noble/main amd64 liblerc-dev amd64 4.0.0+ds-4ubuntu2 [182 kB]
Get:184 http://archive.ubuntu.com/ubuntu noble-updates/universe amd64 libminizip-dev amd64 1:1.3.dfsg-3.1ubuntu2.1 [30.2 kB]
Get:185 http://archive.ubuntu.com/ubuntu noble-updates/main amd64 libxml2-dev amd64 2.9.14+dfsg-1.3ubuntu3.8 [782 kB]
Get:186 http://archive.ubuntu.com/ubuntu noble/universe amd64 libnetcdf-dev amd64 1:4.9.2-5ubuntu4 [58.0 kB]
Get:187 http://archive.ubuntu.com/ubuntu noble-updates/main amd64 libodbccr2 amd64 2.3.12-1ubuntu0.24.04.1 [16.1 kB]
Get:188 http://archive.ubuntu.com/ubuntu noble/main amd64 libtirpc-dev amd64 1.3.4+ds-1.1build1 [193 kB]
Get:189 http://archive.ubuntu.com/ubuntu noble/universe amd64 libogdi-dev amd64 4.1.1+ds-3build1 [22.8 kB]
Get:190 http://archive.ubuntu.com/ubuntu noble/main amd64 libogg-dev amd64 1.3.5-3build1 [161 kB]
Get:191 http://archive.ubuntu.com/ubuntu noble/universe amd64 libtbbmalloc2 amd64 2021.11.0-2ubuntu2 [60.5 kB]
Get:192 http://archive.ubuntu.com/ubuntu noble/universe amd64 libtbbbind-2-5 amd64 2021.11.0-2ubuntu2 [16.4 kB]
Get:193 http://archive.ubuntu.com/ubuntu noble/universe amd64 libtbb12 amd64 2021.11.0-2ubuntu2 [106 kB]
Get:194 http://archive.ubuntu.com/ubuntu noble/universe amd64 libopencv-core406t64 amd64 4.6.0+dfsg-13.1ubuntu1 [1202 kB]
Get:195 http://archive.ubuntu.com/ubuntu noble/universe amd64 libopencv-flann406t64 amd64 4.6.0+dfsg-13.1ubuntu1 [134 kB]
Get:196 http://archive.ubuntu.com/ubuntu noble/universe amd64 libopencv-imgproc406t64 amd64 4.6.0+dfsg-13.1ubuntu1 [1460 kB]
Get:197 http://archive.ubuntu.com/ubuntu noble/universe amd64 libopencv-features2d406t64 amd64 4.6.0+dfsg-13.1ubuntu1 [273 kB]
Get:198 http://archive.ubuntu.com/ubuntu noble/universe amd64 libopencv-calib3d406t64 amd64 4.6.0+dfsg-13.1ubuntu1 [698 kB]
Get:199 http://archive.ubuntu.com/ubuntu noble/universe amd64 libtbb-dev amd64 2021.11.0-2ubuntu2 [253 kB]
Get:200 http://archive.ubuntu.com/ubuntu noble/universe amd64 libopencv-core-dev amd64 4.6.0+dfsg-13.1ubuntu1 [2017 kB]
Get:201 http://archive.ubuntu.com/ubuntu noble/universe amd64 libopencv-flann-dev amd64 4.6.0+dfsg-13.1ubuntu1 [207 kB]
Get:202 http://archive.ubuntu.com/ubuntu noble/universe amd64 libopencv-imgcodecs406t64 amd64 4.6.0+dfsg-13.1ubuntu1 [128 kB]
Get:203 http://archive.ubuntu.com/ubuntu noble/universe amd64 libopencv-highgui406t64 amd64 4.6.0+dfsg-13.1ubuntu1 [118 kB]
Get:204 http://archive.ubuntu.com/ubuntu noble/universe amd64 libopencv-imgproc-dev amd64 4.6.0+dfsg-13.1ubuntu1 [1905 kB]
Get:205 http://archive.ubuntu.com/ubuntu noble/universe amd64 libopencv-imgcodecs-dev amd64 4.6.0+dfsg-13.1ubuntu1 [203 kB]
Get:206 http://archive.ubuntu.com/ubuntu noble/universe amd64 libswscale7 amd64 7:6.1.1-3ubuntu5 [193 kB]
Get:207 http://archive.ubuntu.com/ubuntu noble/universe amd64 libopencv-videoio406t64 amd64 4.6.0+dfsg-13.1ubuntu1 [199 kB]
Get:208 http://archive.ubuntu.com/ubuntu noble/universe amd64 libopencv-videoio-dev amd64 4.6.0+dfsg-13.1ubuntu1 [321 kB]
Get:209 http://archive.ubuntu.com/ubuntu noble/universe amd64 libopenexr-dev amd64 3.1.5-5.1build3 [106 kB]
Get:210 http://archive.ubuntu.com/ubuntu noble/universe amd64 libswscale-dev amd64 7:6.1.1-3ubuntu5 [224 kB]
Get:211 http://archive.ubuntu.com/ubuntu noble/main amd64 libjbig-dev amd64 2.1-6.1ubuntu2 [27.9 kB]
Get:212 http://archive.ubuntu.com/ubuntu noble-updates/main amd64 liblzma-dev amd64 5.6.1+really5.4.5-1ubuntu0.3 [176 kB]
Get:213 http://archive.ubuntu.com/ubuntu noble/main amd64 libwebpdecoder3 amd64 1.3.2-0.4build3 [114 kB]
Get:214 http://archive.ubuntu.com/ubuntu noble/main amd64 libwebp-dev amd64 1.3.2-0.4build3 [367 kB]
Get:215 http://archive.ubuntu.com/ubuntu noble-updates/main amd64 libtiffxx6 amd64 4.5.1+git230720-4ubuntu2.5 [5642 B]
Get:216 http://archive.ubuntu.com/ubuntu noble-updates/main amd64 libtiff-dev amd64 4.5.1+git230720-4ubuntu2.5 [338 kB]
Get:217 http://archive.ubuntu.com/ubuntu noble/universe amd64 libopencv-highgui-dev amd64 4.6.0+dfsg-13.1ubuntu1 [176 kB]
Get:218 http://archive.ubuntu.com/ubuntu noble/universe amd64 libopencv-ml406t64 amd64 4.6.0+dfsg-13.1ubuntu1 [208 kB]
Get:219 http://archive.ubuntu.com/ubuntu noble/universe amd64 libopencv-ml-dev amd64 4.6.0+dfsg-13.1ubuntu1 [297 kB]
Get:220 http://archive.ubuntu.com/ubuntu noble/universe amd64 libopencv-features2d-dev amd64 4.6.0+dfsg-13.1ubuntu1 [372 kB]
Get:221 http://archive.ubuntu.com/ubuntu noble/universe amd64 libopencv-calib3d-dev amd64 4.6.0+dfsg-13.1ubuntu1 [1046 kB]
Get:222 http://archive.ubuntu.com/ubuntu noble-updates/main amd64 libprotobuf32t64 amd64 3.21.12-8.2ubuntu0.3 [923 kB]
Get:223 http://archive.ubuntu.com/ubuntu noble/universe amd64 libopencv-dnn406t64 amd64 4.6.0+dfsg-13.1ubuntu1 [1142 kB]
Get:224 http://archive.ubuntu.com/ubuntu noble/universe amd64 libopencv-objdetect406t64 amd64 4.6.0+dfsg-13.1ubuntu1 [220 kB]
Get:225 http://archive.ubuntu.com/ubuntu noble/universe amd64 libopencv-video406t64 amd64 4.6.0+dfsg-13.1ubuntu1 [179 kB]
Get:226 http://archive.ubuntu.com/ubuntu noble/universe amd64 libtesseract5 amd64 5.3.4-1build5 [1291 kB]
Get:227 http://archive.ubuntu.com/ubuntu noble/universe amd64 libopencv-contrib406t64 amd64 4.6.0+dfsg-13.1ubuntu1 [3968 kB]
Get:228 http://archive.ubuntu.com/ubuntu noble/universe amd64 libopencv-dnn-dev amd64 4.6.0+dfsg-13.1ubuntu1 [1825 kB]
Get:229 http://archive.ubuntu.com/ubuntu noble/universe amd64 libopencv-objdetect-dev amd64 4.6.0+dfsg-13.1ubuntu1 [275 kB]
Get:230 http://archive.ubuntu.com/ubuntu noble/universe amd64 libopencv-photo406t64 amd64 4.6.0+dfsg-13.1ubuntu1 [200 kB]
Get:231 http://archive.ubuntu.com/ubuntu noble/universe amd64 libopencv-photo-dev amd64 4.6.0+dfsg-13.1ubuntu1 [230 kB]
Get:232 http://archive.ubuntu.com/ubuntu noble/universe amd64 libopencv-shape406t64 amd64 4.6.0+dfsg-13.1ubuntu1 [51.6 kB]
Get:233 http://archive.ubuntu.com/ubuntu noble/universe amd64 libopencv-video-dev amd64 4.6.0+dfsg-13.1ubuntu1 [253 kB]
Get:234 http://archive.ubuntu.com/ubuntu noble/universe amd64 libopencv-shape-dev amd64 4.6.0+dfsg-13.1ubuntu1 [72.1 kB]
Get:235 http://archive.ubuntu.com/ubuntu noble/universe amd64 libopencv-stitching406t64 amd64 4.6.0+dfsg-13.1ubuntu1 [195 kB]
Get:236 http://archive.ubuntu.com/ubuntu noble/universe amd64 libopencv-stitching-dev amd64 4.6.0+dfsg-13.1ubuntu1 [264 kB]
Get:237 http://archive.ubuntu.com/ubuntu noble/universe amd64 libopencv-superres406t64 amd64 4.6.0+dfsg-13.1ubuntu1 [46.1 kB]
Get:238 http://archive.ubuntu.com/ubuntu noble/universe amd64 libopencv-superres-dev amd64 4.6.0+dfsg-13.1ubuntu1 [61.2 kB]
Get:239 http://archive.ubuntu.com/ubuntu noble/universe amd64 libopencv-videostab406t64 amd64 4.6.0+dfsg-13.1ubuntu1 [76.8 kB]
Get:240 http://archive.ubuntu.com/ubuntu noble/universe amd64 libopencv-videostab-dev amd64 4.6.0+dfsg-13.1ubuntu1 [109 kB]
Get:241 http://archive.ubuntu.com/ubuntu noble/main amd64 libxft2 amd64 2.3.6-1build1 [45.3 kB]
Get:242 http://archive.ubuntu.com/ubuntu noble/main amd64 libxss1 amd64 1:1.2.3-1build3 [7204 B]
Get:243 http://archive.ubuntu.com/ubuntu noble/main amd64 libtk8.6 amd64 8.6.14-1build1 [779 kB]
Get:244 http://archive.ubuntu.com/ubuntu noble/universe amd64 libvtk9.1t64 amd64 9.1.0+really9.1.0+dfsg2-7.1build3 [20.3 MB]
Get:245 http://archive.ubuntu.com/ubuntu noble/universe amd64 libopencv-viz406t64 amd64 4.6.0+dfsg-13.1ubuntu1 [108 kB]
Get:246 http://archive.ubuntu.com/ubuntu noble/universe amd64 libopencv-viz-dev amd64 4.6.0+dfsg-13.1ubuntu1 [186 kB]
Get:247 http://archive.ubuntu.com/ubuntu noble/universe amd64 libopencv-contrib-dev amd64 4.6.0+dfsg-13.1ubuntu1 [5552 kB]
Get:248 http://archive.ubuntu.com/ubuntu noble/universe amd64 libopencv-dev amd64 4.6.0+dfsg-13.1ubuntu1 [84.2 kB]
Get:249 http://archive.ubuntu.com/ubuntu noble/universe amd64 libtinyxml2.6.2v5 amd64 2.6.2-6.1 [37.4 kB]
Get:250 http://archive.ubuntu.com/ubuntu noble/universe amd64 libopenni0t64 amd64 1.5.4.0+dfsg-7.1build1 [300 kB]
Get:251 http://archive.ubuntu.com/ubuntu noble/universe amd64 libopenni-dev amd64 1.5.4.0+dfsg-7.1build1 [139 kB]
Get:252 http://archive.ubuntu.com/ubuntu noble/universe amd64 libopenni2-0 amd64 2.2.0.33+dfsg-18 [370 kB]
Get:253 http://archive.ubuntu.com/ubuntu noble/universe amd64 libopenni2-dev amd64 2.2.0.33+dfsg-18 [55.1 kB]
Get:254 http://archive.ubuntu.com/ubuntu noble/universe amd64 libpcl-common1.14 amd64 1.14.0+dfsg-1 [176 kB]
Get:255 http://archive.ubuntu.com/ubuntu noble/universe amd64 libpcl-kdtree1.14 amd64 1.14.0+dfsg-1 [229 kB]
Get:256 http://archive.ubuntu.com/ubuntu noble/universe amd64 libpcl-octree1.14 amd64 1.14.0+dfsg-1 [249 kB]
Get:257 http://archive.ubuntu.com/ubuntu noble/universe amd64 libpcl-sample-consensus1.14 amd64 1.14.0+dfsg-1 [1355 kB]
Get:258 http://archive.ubuntu.com/ubuntu noble/universe amd64 libpcl-search1.14 amd64 1.14.0+dfsg-1 [246 kB]
Get:259 http://archive.ubuntu.com/ubuntu noble/universe amd64 libpcl-filters1.14 amd64 1.14.0+dfsg-1 [1042 kB]
Get:260 http://archive.ubuntu.com/ubuntu noble/universe amd64 libpcl-features1.14 amd64 1.14.0+dfsg-1 [4105 kB]
Get:261 http://archive.ubuntu.com/ubuntu noble/universe amd64 libpcl-ml1.14 amd64 1.14.0+dfsg-1 [71.2 kB]
Get:262 http://archive.ubuntu.com/ubuntu noble/universe amd64 libpcl-segmentation1.14 amd64 1.14.0+dfsg-1 [1366 kB]
Get:263 http://archive.ubuntu.com/ubuntu noble/universe amd64 libpcl-surface1.14 amd64 1.14.0+dfsg-1 [871 kB]
Get:264 http://archive.ubuntu.com/ubuntu noble/universe amd64 libpcl-apps1.14 amd64 1.14.0+dfsg-1 [218 kB]
Get:265 http://archive.ubuntu.com/ubuntu noble/universe amd64 libpcl-io1.14 amd64 1.14.0+dfsg-1 [564 kB]
Get:266 http://archive.ubuntu.com/ubuntu noble/universe amd64 libpcl-keypoints1.14 amd64 1.14.0+dfsg-1 [255 kB]
Get:267 http://archive.ubuntu.com/ubuntu noble/universe amd64 libpcl-outofcore1.14 amd64 1.14.0+dfsg-1 [36.1 kB]
Get:268 http://archive.ubuntu.com/ubuntu noble/universe amd64 libpcl-people1.14 amd64 1.14.0+dfsg-1 [21.5 kB]
Get:269 http://archive.ubuntu.com/ubuntu noble/universe amd64 libpcl-registration1.14 amd64 1.14.0+dfsg-1 [372 kB]
Get:270 http://archive.ubuntu.com/ubuntu noble/universe amd64 libpcl-recognition1.14 amd64 1.14.0+dfsg-1 [732 kB]
Get:271 http://archive.ubuntu.com/ubuntu noble/universe amd64 libpcl-stereo1.14 amd64 1.14.0+dfsg-1 [60.2 kB]
Get:272 http://archive.ubuntu.com/ubuntu noble/universe amd64 libpcl-tracking1.14 amd64 1.14.0+dfsg-1 [391 kB]
Get:273 http://archive.ubuntu.com/ubuntu noble/universe amd64 libpcl-visualization1.14 amd64 1.14.0+dfsg-1 [304 kB]
Get:274 http://archive.ubuntu.com/ubuntu noble-updates/main amd64 libpcre2-32-0 amd64 10.42-4ubuntu2.1 [197 kB]
Get:275 http://archive.ubuntu.com/ubuntu noble-updates/main amd64 libpcre2-posix3 amd64 10.42-4ubuntu2.1 [6748 B]
Get:276 http://archive.ubuntu.com/ubuntu noble-updates/main amd64 libpcre2-dev amd64 10.42-4ubuntu2.1 [736 kB]
Get:277 http://archive.ubuntu.com/ubuntu noble-updates/main amd64 libpoppler-dev amd64 24.02.0-1ubuntu9.9 [5204 B]
Get:278 http://archive.ubuntu.com/ubuntu noble-updates/main amd64 libpoppler-private-dev amd64 24.02.0-1ubuntu9.9 [197 kB]
Get:279 http://archive.ubuntu.com/ubuntu noble-updates/main amd64 libpq-dev amd64 16.14-0ubuntu0.24.04.1 [152 kB]
Get:280 http://archive.ubuntu.com/ubuntu noble/universe amd64 libqt5designercomponents5 amd64 5.15.13-1 [785 kB]
Get:281 http://archive.ubuntu.com/ubuntu noble/universe amd64 librttopo-dev amd64 1.1.0-3build2 [238 kB]
Get:282 http://archive.ubuntu.com/ubuntu noble-updates/main amd64 libsqlite3-dev amd64 3.45.1-1ubuntu2.7 [911 kB]
Get:283 http://archive.ubuntu.com/ubuntu noble/main amd64 libtheora-dev amd64 1.1.1+dfsg.1-16.1build3 [189 kB]
Get:284 http://archive.ubuntu.com/ubuntu noble/universe amd64 liburiparser-dev amd64 0.9.7+dfsg-2build1 [15.0 kB]
Get:285 http://archive.ubuntu.com/ubuntu noble/main amd64 libusb-1.0-0-dev amd64 2:1.0.27-1 [77.7 kB]
Get:286 http://archive.ubuntu.com/ubuntu noble/universe amd64 libutfcpp-dev all 3.2.5+really3.2.4-1 [12.1 kB]
Get:287 http://archive.ubuntu.com/ubuntu noble/universe amd64 libdouble-conversion-dev amd64 3.3.0-1build1 [60.5 kB]
Get:288 http://archive.ubuntu.com/ubuntu noble/universe amd64 libfreexl-dev amd64 2.0.0-1build2 [43.8 kB]
Get:289 http://archive.ubuntu.com/ubuntu noble/universe amd64 libproj-dev amd64 9.4.0-1build2 [75.9 kB]
Get:290 http://archive.ubuntu.com/ubuntu noble/universe amd64 libgeotiff-dev amd64 1.7.1-5build1 [88.7 kB]
Get:291 http://archive.ubuntu.com/ubuntu noble/universe amd64 libhdf4-alt-dev amd64 4.2.16-4build1 [387 kB]
Get:292 http://archive.ubuntu.com/ubuntu noble/main amd64 libjson-c-dev amd64 0.17-1build1 [63.6 kB]
Get:293 http://archive.ubuntu.com/ubuntu noble/universe amd64 libkml-dev amd64 1.3.0-12build1 [659 kB]
Get:294 http://archive.ubuntu.com/ubuntu noble-updates/main amd64 libopenjp2-7-dev amd64 2.5.0-2ubuntu0.5 [258 kB]
Get:295 http://archive.ubuntu.com/ubuntu noble/universe amd64 libspatialite-dev amd64 5.1.0-3build1 [2331 kB]
Get:296 http://archive.ubuntu.com/ubuntu noble/universe amd64 libxerces-c-dev amd64 3.2.4+debian-1.2ubuntu2 [1815 kB]
Get:297 http://archive.ubuntu.com/ubuntu noble-updates/main amd64 unixodbc-dev amd64 2.3.12-1ubuntu0.24.04.1 [250 kB]
Get:298 http://archive.ubuntu.com/ubuntu noble/universe amd64 libgdal-dev amd64 3.8.4+dfsg-3ubuntu3 [211 kB]
Get:299 http://archive.ubuntu.com/ubuntu noble/main amd64 libjsoncpp-dev amd64 1.9.5-6build1 [23.0 kB]
Get:300 http://archive.ubuntu.com/ubuntu noble/universe amd64 libvtk9.1t64-qt amd64 9.1.0+really9.1.0+dfsg2-7.1build3 [172 kB]
Get:301 http://archive.ubuntu.com/ubuntu noble/universe amd64 libvtk9-java amd64 9.1.0+really9.1.0+dfsg2-7.1build3 [6369 kB]
Get:302 http://archive.ubuntu.com/ubuntu noble/main amd64 libxft-dev amd64 2.3.6-1build1 [64.3 kB]
Get:303 http://archive.ubuntu.com/ubuntu noble/main amd64 libxss-dev amd64 1:1.2.3-1build3 [12.1 kB]
Get:304 http://archive.ubuntu.com/ubuntu noble/universe amd64 python3-mpi4py amd64 3.1.5-5ubuntu2 [466 kB]
Get:305 http://archive.ubuntu.com/ubuntu noble/universe amd64 python3-vtk9 amd64 9.1.0+really9.1.0+dfsg2-7.1build3 [7296 kB]
Get:306 http://archive.ubuntu.com/ubuntu noble/main amd64 tcl8.6-dev amd64 8.6.14+dfsg-1build1 [1000 kB]
Get:307 http://archive.ubuntu.com/ubuntu noble/main amd64 tcl-dev amd64 8.6.14build1 [5782 B]
Get:308 http://archive.ubuntu.com/ubuntu noble/main amd64 tk8.6 amd64 8.6.14-1build1 [12.5 kB]
Get:309 http://archive.ubuntu.com/ubuntu noble/main amd64 tk8.6-dev amd64 8.6.14-1build1 [788 kB]
Get:310 http://archive.ubuntu.com/ubuntu noble/main amd64 tk amd64 8.6.14build1 [3076 B]
Get:311 http://archive.ubuntu.com/ubuntu noble/main amd64 tk-dev amd64 8.6.14build1 [2914 B]
Get:312 http://archive.ubuntu.com/ubuntu noble/universe amd64 vtk9 amd64 9.1.0+really9.1.0+dfsg2-7.1build3 [16.2 kB]
Get:313 http://archive.ubuntu.com/ubuntu noble/universe amd64 libvtk9-dev amd64 9.1.0+really9.1.0+dfsg2-7.1build3 [2765 kB]
Get:314 http://archive.ubuntu.com/ubuntu noble/universe amd64 qdoc-qt5 amd64 5.15.13-1 [634 kB]
Get:315 http://archive.ubuntu.com/ubuntu noble/universe amd64 qhelpgenerator-qt5 amd64 5.15.13-1 [59.7 kB]
Get:316 http://archive.ubuntu.com/ubuntu noble/universe amd64 qt5-assistant amd64 5.15.13-1 [362 kB]
Get:317 http://archive.ubuntu.com/ubuntu noble/universe amd64 qtattributionsscanner-qt5 amd64 5.15.13-1 [34.3 kB]
Get:318 http://archive.ubuntu.com/ubuntu noble/universe amd64 qttools5-dev-tools amd64 5.15.13-1 [1115 kB]
Get:319 http://archive.ubuntu.com/ubuntu noble/universe amd64 qttools5-dev amd64 5.15.13-1 [204 kB]
Get:320 http://archive.ubuntu.com/ubuntu noble/universe amd64 qttools5-private-dev amd64 5.15.13-1 [71.7 kB]
Get:321 http://archive.ubuntu.com/ubuntu noble/universe amd64 libvtk9-qt-dev amd64 9.1.0+really9.1.0+dfsg2-7.1build3 [28.6 kB]
Get:322 http://archive.ubuntu.com/ubuntu noble/universe amd64 libpcl-dev amd64 1.14.0+dfsg-1 [1142 kB]
[91mdebconf: delaying package configuration, since apt-utils is not installed
[0mFetched 377 MB in 7s (55.5 MB/s)
Selecting previously unselected package liborc-0.4-0t64:amd64.
(Reading database ... (Reading database ... 5%(Reading database ... 10%(Reading database ... 15%(Reading database ... 20%(Reading database ... 25%(Reading database ... 30%(Reading database ... 35%(Reading database ... 40%(Reading database ... 45%(Reading database ... 50%(Reading database ... 55%(Reading database ... 60%(Reading database ... 65%(Reading database ... 70%(Reading database ... 75%(Reading database ... 80%(Reading database ... 85%(Reading database ... 90%(Reading database ... 95%(Reading database ... 100%(Reading database ... 77077 files and directories currently installed.)
Preparing to unpack .../000-liborc-0.4-0t64_1%3a0.4.38-1ubuntu0.1_amd64.deb ...
Unpacking liborc-0.4-0t64:amd64 (1:0.4.38-1ubuntu0.1) ...
Selecting previously unselected package libgstreamer-plugins-base1.0-0:amd64.
Preparing to unpack .../001-libgstreamer-plugins-base1.0-0_1.24.2-1ubuntu0.4_amd64.deb ...
Unpacking libgstreamer-plugins-base1.0-0:amd64 (1.24.2-1ubuntu0.4) ...
Selecting previously unselected package libhyphen0:amd64.
Preparing to unpack .../002-libhyphen0_2.8.8-7build3_amd64.deb ...
Unpacking libhyphen0:amd64 (2.8.8-7build3) ...
Selecting previously unselected package libqt5sensors5:amd64.
Preparing to unpack .../003-libqt5sensors5_5.15.13-1_amd64.deb ...
Unpacking libqt5sensors5:amd64 (5.15.13-1) ...
Selecting previously unselected package libwoff1:amd64.
Preparing to unpack .../004-libwoff1_1.0.2-2build1_amd64.deb ...
Unpacking libwoff1:amd64 (1.0.2-2build1) ...
Selecting previously unselected package libqt5webkit5:amd64.
Preparing to unpack .../005-libqt5webkit5_5.212.0~alpha4-36_amd64.deb ...
Unpacking libqt5webkit5:amd64 (5.212.0~alpha4-36) ...
Selecting previously unselected package libqt5qmlworkerscript5:amd64.
Preparing to unpack .../006-libqt5qmlworkerscript5_5.15.13+dfsg-1ubuntu0.1_amd64.deb ...
Unpacking libqt5qmlworkerscript5:amd64 (5.15.13+dfsg-1ubuntu0.1) ...
Selecting previously unselected package libqt5quickparticles5:amd64.
Preparing to unpack .../007-libqt5quickparticles5_5.15.13+dfsg-1ubuntu0.1_amd64.deb ...
Unpacking libqt5quickparticles5:amd64 (5.15.13+dfsg-1ubuntu0.1) ...
Selecting previously unselected package libqt5quickshapes5:amd64.
Preparing to unpack .../008-libqt5quickshapes5_5.15.13+dfsg-1ubuntu0.1_amd64.deb ...
Unpacking libqt5quickshapes5:amd64 (5.15.13+dfsg-1ubuntu0.1) ...
Selecting previously unselected package libqt5quicktest5:amd64.
Preparing to unpack .../009-libqt5quicktest5_5.15.13+dfsg-1ubuntu0.1_amd64.deb ...
Unpacking libqt5quicktest5:amd64 (5.15.13+dfsg-1ubuntu0.1) ...
Selecting previously unselected package qt5-qmltooling-plugins:amd64.
Preparing to unpack .../010-qt5-qmltooling-plugins_5.15.13+dfsg-1ubuntu0.1_amd64.deb ...
Unpacking qt5-qmltooling-plugins:amd64 (5.15.13+dfsg-1ubuntu0.1) ...
Selecting previously unselected package qtdeclarative5-dev-tools.
Preparing to unpack .../011-qtdeclarative5-dev-tools_5.15.13+dfsg-1ubuntu0.1_amd64.deb ...
Unpacking qtdeclarative5-dev-tools (5.15.13+dfsg-1ubuntu0.1) ...
Selecting previously unselected package qtdeclarative5-dev:amd64.
Preparing to unpack .../012-qtdeclarative5-dev_5.15.13+dfsg-1ubuntu0.1_amd64.deb ...
Unpacking qtdeclarative5-dev:amd64 (5.15.13+dfsg-1ubuntu0.1) ...
Selecting previously unselected package libqt5webkit5-dev:amd64.
Preparing to unpack .../013-libqt5webkit5-dev_5.212.0~alpha4-36_amd64.deb ...
Unpacking libqt5webkit5-dev:amd64 (5.212.0~alpha4-36) ...
Selecting previously unselected package libtirpc-common.
Preparing to unpack .../014-libtirpc-common_1.3.4+ds-1.1build1_all.deb ...
Unpacking libtirpc-common (1.3.4+ds-1.1build1) ...
Selecting previously unselected package libtirpc3t64:amd64.
Preparing to unpack .../015-libtirpc3t64_1.3.4+ds-1.1build1_amd64.deb ...
Adding 'diversion of /lib/x86_64-linux-gnu/libtirpc.so.3 to /lib/x86_64-linux-gnu/libtirpc.so.3.usr-is-merged by libtirpc3t64'
Adding 'diversion of /lib/x86_64-linux-gnu/libtirpc.so.3.0.0 to /lib/x86_64-linux-gnu/libtirpc.so.3.0.0.usr-is-merged by libtirpc3t64'
Unpacking libtirpc3t64:amd64 (1.3.4+ds-1.1build1) ...
Selecting previously unselected package libpcap0.8t64:amd64.
Preparing to unpack .../016-libpcap0.8t64_1.10.4-4.1ubuntu3_amd64.deb ...
Unpacking libpcap0.8t64:amd64 (1.10.4-4.1ubuntu3) ...
Selecting previously unselected package ca-certificates-java.
Preparing to unpack .../017-ca-certificates-java_20240118_all.deb ...
Unpacking ca-certificates-java (20240118) ...
Selecting previously unselected package java-common.
Preparing to unpack .../018-java-common_0.75+exp1_all.deb ...
Unpacking java-common (0.75+exp1) ...
Selecting previously unselected package openjdk-21-jre-headless:amd64.
Preparing to unpack .../019-openjdk-21-jre-headless_21.0.11+10-1~24.04.2_amd64.deb ...
Unpacking openjdk-21-jre-headless:amd64 (21.0.11+10-1~24.04.2) ...
Selecting previously unselected package default-jre-headless.
Preparing to unpack .../020-default-jre-headless_2%3a1.21-75+exp1_amd64.deb ...
Unpacking default-jre-headless (2:1.21-75+exp1) ...
Selecting previously unselected package libgif7:amd64.
Preparing to unpack .../021-libgif7_5.2.2-1ubuntu1.2_amd64.deb ...
Unpacking libgif7:amd64 (5.2.2-1ubuntu1.2) ...
Selecting previously unselected package openjdk-21-jre:amd64.
Preparing to unpack .../022-openjdk-21-jre_21.0.11+10-1~24.04.2_amd64.deb ...
Unpacking openjdk-21-jre:amd64 (21.0.11+10-1~24.04.2) ...
Selecting previously unselected package default-jre.
Preparing to unpack .../023-default-jre_2%3a1.21-75+exp1_amd64.deb ...
Unpacking default-jre (2:1.21-75+exp1) ...
Selecting previously unselected package openjdk-21-jdk-headless:amd64.
Preparing to unpack .../024-openjdk-21-jdk-headless_21.0.11+10-1~24.04.2_amd64.deb ...
Unpacking openjdk-21-jdk-headless:amd64 (21.0.11+10-1~24.04.2) ...
Selecting previously unselected package default-jdk-headless.
Preparing to unpack .../025-default-jdk-headless_2%3a1.21-75+exp1_amd64.deb ...
Unpacking default-jdk-headless (2:1.21-75+exp1) ...
Selecting previously unselected package openjdk-21-jdk:amd64.
Preparing to unpack .../026-openjdk-21-jdk_21.0.11+10-1~24.04.2_amd64.deb ...
Unpacking openjdk-21-jdk:amd64 (21.0.11+10-1~24.04.2) ...
Selecting previously unselected package default-jdk.
Preparing to unpack .../027-default-jdk_2%3a1.21-75+exp1_amd64.deb ...
Unpacking default-jdk (2:1.21-75+exp1) ...
Selecting previously unselected package mysql-common.
Preparing to unpack .../028-mysql-common_5.8+1.1.0build1_all.deb ...
Unpacking mysql-common (5.8+1.1.0build1) ...
Selecting previously unselected package libmysqlclient21:amd64.
Preparing to unpack .../029-libmysqlclient21_8.0.46-0ubuntu0.24.04.3_amd64.deb ...
Unpacking libmysqlclient21:amd64 (8.0.46-0ubuntu0.24.04.3) ...
Selecting previously unselected package libzstd-dev:amd64.
Preparing to unpack .../030-libzstd-dev_1.5.5+dfsg2-2build1.1_amd64.deb ...
Unpacking libzstd-dev:amd64 (1.5.5+dfsg2-2build1.1) ...
Selecting previously unselected package libmysqlclient-dev.
Preparing to unpack .../031-libmysqlclient-dev_8.0.46-0ubuntu0.24.04.3_amd64.deb ...
Unpacking libmysqlclient-dev (8.0.46-0ubuntu0.24.04.3) ...
Selecting previously unselected package default-libmysqlclient-dev:amd64.
Preparing to unpack .../032-default-libmysqlclient-dev_1.1.0build1_amd64.deb ...
Unpacking default-libmysqlclient-dev:amd64 (1.1.0build1) ...
Selecting previously unselected package gdal-data.
Preparing to unpack .../033-gdal-data_3.8.4+dfsg-3ubuntu3_all.deb ...
Unpacking gdal-data (3.8.4+dfsg-3ubuntu3) ...
Selecting previously unselected package gdal-plugins:amd64.
Preparing to unpack .../034-gdal-plugins_3.8.4+dfsg-3ubuntu3_amd64.deb ...
Unpacking gdal-plugins:amd64 (3.8.4+dfsg-3ubuntu3) ...
Selecting previously unselected package hdf5-helpers.
Preparing to unpack .../035-hdf5-helpers_1.10.10+repack-3.1ubuntu4_amd64.deb ...
Unpacking hdf5-helpers (1.10.10+repack-3.1ubuntu4) ...
Selecting previously unselected package libaec0:amd64.
Preparing to unpack .../036-libaec0_1.1.2-1build1_amd64.deb ...
Unpacking libaec0:amd64 (1.1.2-1build1) ...
Selecting previously unselected package libaom3:amd64.
Preparing to unpack .../037-libaom3_3.8.2-2ubuntu0.1_amd64.deb ...
Unpacking libaom3:amd64 (3.8.2-2ubuntu0.1) ...
Selecting previously unselected package libaom-dev:amd64.
Preparing to unpack .../038-libaom-dev_3.8.2-2ubuntu0.1_amd64.deb ...
Unpacking libaom-dev:amd64 (3.8.2-2ubuntu0.1) ...
Selecting previously unselected package libblas3:amd64.
Preparing to unpack .../039-libblas3_3.12.0-3build1.1_amd64.deb ...
Unpacking libblas3:amd64 (3.12.0-3build1.1) ...
Selecting previously unselected package liblapack3:amd64.
Preparing to unpack .../040-liblapack3_3.12.0-3build1.1_amd64.deb ...
Unpacking liblapack3:amd64 (3.12.0-3build1.1) ...
Selecting previously unselected package libarpack2t64:amd64.
Preparing to unpack .../041-libarpack2t64_3.9.1-1.1build2_amd64.deb ...
Unpacking libarpack2t64:amd64 (3.9.1-1.1build2) ...
Selecting previously unselected package libsuperlu6:amd64.
Preparing to unpack .../042-libsuperlu6_6.0.1+dfsg1-1build1_amd64.deb ...
Unpacking libsuperlu6:amd64 (6.0.1+dfsg1-1build1) ...
Selecting previously unselected package libarmadillo12.
Preparing to unpack .../043-libarmadillo12_1%3a12.6.7+dfsg-1build2_amd64.deb ...
Unpacking libarmadillo12 (1:12.6.7+dfsg-1build2) ...
Selecting previously unselected package libblas-dev:amd64.
Preparing to unpack .../044-libblas-dev_3.12.0-3build1.1_amd64.deb ...
Unpacking libblas-dev:amd64 (3.12.0-3build1.1) ...
Selecting previously unselected package liblapack-dev:amd64.
Preparing to unpack .../045-liblapack-dev_3.12.0-3build1.1_amd64.deb ...
Unpacking liblapack-dev:amd64 (3.12.0-3build1.1) ...
Selecting previously unselected package libarpack2-dev:amd64.
Preparing to unpack .../046-libarpack2-dev_3.9.1-1.1build2_amd64.deb ...
Unpacking libarpack2-dev:amd64 (3.9.1-1.1build2) ...
Selecting previously unselected package libsz2:amd64.
Preparing to unpack .../047-libsz2_1.1.2-1build1_amd64.deb ...
Unpacking libsz2:amd64 (1.1.2-1build1) ...
Selecting previously unselected package libhdf5-103-1t64:amd64.
Preparing to unpack .../048-libhdf5-103-1t64_1.10.10+repack-3.1ubuntu4_amd64.deb ...
Unpacking libhdf5-103-1t64:amd64 (1.10.10+repack-3.1ubuntu4) ...
Selecting previously unselected package libhdf5-fortran-102t64:amd64.
Preparing to unpack .../049-libhdf5-fortran-102t64_1.10.10+repack-3.1ubuntu4_amd64.deb ...
Unpacking libhdf5-fortran-102t64:amd64 (1.10.10+repack-3.1ubuntu4) ...
Selecting previously unselected package libhdf5-hl-100t64:amd64.
Preparing to unpack .../050-libhdf5-hl-100t64_1.10.10+repack-3.1ubuntu4_amd64.deb ...
Unpacking libhdf5-hl-100t64:amd64 (1.10.10+repack-3.1ubuntu4) ...
Selecting previously unselected package libhdf5-hl-fortran-100t64:amd64.
Preparing to unpack .../051-libhdf5-hl-fortran-100t64_1.10.10+repack-3.1ubuntu4_amd64.deb ...
Unpacking libhdf5-hl-fortran-100t64:amd64 (1.10.10+repack-3.1ubuntu4) ...
Selecting previously unselected package libhdf5-cpp-103-1t64:amd64.
Preparing to unpack .../052-libhdf5-cpp-103-1t64_1.10.10+repack-3.1ubuntu4_amd64.deb ...
Unpacking libhdf5-cpp-103-1t64:amd64 (1.10.10+repack-3.1ubuntu4) ...
Selecting previously unselected package libhdf5-hl-cpp-100t64:amd64.
Preparing to unpack .../053-libhdf5-hl-cpp-100t64_1.10.10+repack-3.1ubuntu4_amd64.deb ...
Unpacking libhdf5-hl-cpp-100t64:amd64 (1.10.10+repack-3.1ubuntu4) ...
Selecting previously unselected package libaec-dev:amd64.
Preparing to unpack .../054-libaec-dev_1.1.2-1build1_amd64.deb ...
Unpacking libaec-dev:amd64 (1.1.2-1build1) ...
Selecting previously unselected package libcurl4-openssl-dev:amd64.
Preparing to unpack .../055-libcurl4-openssl-dev_8.5.0-2ubuntu10.11_amd64.deb ...
Unpacking libcurl4-openssl-dev:amd64 (8.5.0-2ubuntu10.11) ...
Selecting previously unselected package libhdf5-dev.
Preparing to unpack .../056-libhdf5-dev_1.10.10+repack-3.1ubuntu4_amd64.deb ...
Unpacking libhdf5-dev (1.10.10+repack-3.1ubuntu4) ...
Selecting previously unselected package libsuperlu-dev:amd64.
Preparing to unpack .../057-libsuperlu-dev_6.0.1+dfsg1-1build1_amd64.deb ...
Unpacking libsuperlu-dev:amd64 (6.0.1+dfsg1-1build1) ...
Selecting previously unselected package libarmadillo-dev.
Preparing to unpack .../058-libarmadillo-dev_1%3a12.6.7+dfsg-1build2_amd64.deb ...
Unpacking libarmadillo-dev (1:12.6.7+dfsg-1build2) ...
Selecting previously unselected package libva2:amd64.
Preparing to unpack .../059-libva2_2.20.0-2ubuntu0.2_amd64.deb ...
Unpacking libva2:amd64 (2.20.0-2ubuntu0.2) ...
Selecting previously unselected package libva-drm2:amd64.
Preparing to unpack .../060-libva-drm2_2.20.0-2ubuntu0.2_amd64.deb ...
Unpacking libva-drm2:amd64 (2.20.0-2ubuntu0.2) ...
Selecting previously unselected package libva-x11-2:amd64.
Preparing to unpack .../061-libva-x11-2_2.20.0-2ubuntu0.2_amd64.deb ...
Unpacking libva-x11-2:amd64 (2.20.0-2ubuntu0.2) ...
Selecting previously unselected package libvdpau1:amd64.
Preparing to unpack .../062-libvdpau1_1.5-2build1_amd64.deb ...
Unpacking libvdpau1:amd64 (1.5-2build1) ...
Selecting previously unselected package libvpl2.
Preparing to unpack .../063-libvpl2_2023.3.0-1build1_amd64.deb ...
Unpacking libvpl2 (2023.3.0-1build1) ...
Selecting previously unselected package libavutil58:amd64.
Preparing to unpack .../064-libavutil58_7%3a6.1.1-3ubuntu5_amd64.deb ...
Unpacking libavutil58:amd64 (7:6.1.1-3ubuntu5) ...
Selecting previously unselected package libcodec2-1.2:amd64.
Preparing to unpack .../065-libcodec2-1.2_1.2.0-2build1_amd64.deb ...
Unpacking libcodec2-1.2:amd64 (1.2.0-2build1) ...
Selecting previously unselected package libdav1d7:amd64.
Preparing to unpack .../066-libdav1d7_1.4.1-1build1_amd64.deb ...
Unpacking libdav1d7:amd64 (1.4.1-1build1) ...
Selecting previously unselected package libgsm1:amd64.
Preparing to unpack .../067-libgsm1_1.0.22-1build1_amd64.deb ...
Unpacking libgsm1:amd64 (1.0.22-1build1) ...
Selecting previously unselected package libhwy1t64:amd64.
Preparing to unpack .../068-libhwy1t64_1.0.7-8.1build1_amd64.deb ...
Unpacking libhwy1t64:amd64 (1.0.7-8.1build1) ...
Selecting previously unselected package libjxl0.7:amd64.
Preparing to unpack .../069-libjxl0.7_0.7.0-10.2ubuntu6.1_amd64.deb ...
Unpacking libjxl0.7:amd64 (0.7.0-10.2ubuntu6.1) ...
Selecting previously unselected package libmp3lame0:amd64.
Preparing to unpack .../070-libmp3lame0_3.100-6build1_amd64.deb ...
Unpacking libmp3lame0:amd64 (3.100-6build1) ...
Selecting previously unselected package librav1e0:amd64.
Preparing to unpack .../071-librav1e0_0.7.1-2_amd64.deb ...
Unpacking librav1e0:amd64 (0.7.1-2) ...
Selecting previously unselected package libshine3:amd64.
Preparing to unpack .../072-libshine3_3.1.1-2build1_amd64.deb ...
Unpacking libshine3:amd64 (3.1.1-2build1) ...
Selecting previously unselected package libspeex1:amd64.
Preparing to unpack .../073-libspeex1_1.2.1-2ubuntu2.24.04.1_amd64.deb ...
Unpacking libspeex1:amd64 (1.2.1-2ubuntu2.24.04.1) ...
Selecting previously unselected package libsvtav1enc1d1:amd64.
Preparing to unpack .../074-libsvtav1enc1d1_1.7.0+dfsg-2build1_amd64.deb ...
Unpacking libsvtav1enc1d1:amd64 (1.7.0+dfsg-2build1) ...
Selecting previously unselected package libsoxr0:amd64.
Preparing to unpack .../075-libsoxr0_0.1.3-4build3_amd64.deb ...
Unpacking libsoxr0:amd64 (0.1.3-4build3) ...
Selecting previously unselected package libswresample4:amd64.
Preparing to unpack .../076-libswresample4_7%3a6.1.1-3ubuntu5_amd64.deb ...
Unpacking libswresample4:amd64 (7:6.1.1-3ubuntu5) ...
Selecting previously unselected package libogg0:amd64.
Preparing to unpack .../077-libogg0_1.3.5-3build1_amd64.deb ...
Unpacking libogg0:amd64 (1.3.5-3build1) ...
Selecting previously unselected package libtheora0:amd64.
Preparing to unpack .../078-libtheora0_1.1.1+dfsg.1-16.1build3_amd64.deb ...
Unpacking libtheora0:amd64 (1.1.1+dfsg.1-16.1build3) ...
Selecting previously unselected package libtwolame0:amd64.
Preparing to unpack .../079-libtwolame0_0.4.0-2build3_amd64.deb ...
Unpacking libtwolame0:amd64 (0.4.0-2build3) ...
Selecting previously unselected package libvorbis0a:amd64.
Preparing to unpack .../080-libvorbis0a_1.3.7-1build3_amd64.deb ...
Unpacking libvorbis0a:amd64 (1.3.7-1build3) ...
Selecting previously unselected package libvorbisenc2:amd64.
Preparing to unpack .../081-libvorbisenc2_1.3.7-1build3_amd64.deb ...
Unpacking libvorbisenc2:amd64 (1.3.7-1build3) ...
Selecting previously unselected package libx264-164:amd64.
Preparing to unpack .../082-libx264-164_2%3a0.164.3108+git31e19f9-1_amd64.deb ...
Unpacking libx264-164:amd64 (2:0.164.3108+git31e19f9-1) ...
Selecting previously unselected package libx265-199:amd64.
Preparing to unpack .../083-libx265-199_3.5-2build1_amd64.deb ...
Unpacking libx265-199:amd64 (3.5-2build1) ...
Selecting previously unselected package libxvidcore4:amd64.
Preparing to unpack .../084-libxvidcore4_2%3a1.3.7-1build1_amd64.deb ...
Unpacking libxvidcore4:amd64 (2:1.3.7-1build1) ...
Selecting previously unselected package libzvbi-common.
Preparing to unpack .../085-libzvbi-common_0.2.42-2_all.deb ...
Unpacking libzvbi-common (0.2.42-2) ...
Selecting previously unselected package libzvbi0t64:amd64.
Preparing to unpack .../086-libzvbi0t64_0.2.42-2_amd64.deb ...
Unpacking libzvbi0t64:amd64 (0.2.42-2) ...
Selecting previously unselected package libavcodec60:amd64.
Preparing to unpack .../087-libavcodec60_7%3a6.1.1-3ubuntu5_amd64.deb ...
Unpacking libavcodec60:amd64 (7:6.1.1-3ubuntu5) ...
Selecting previously unselected package libavutil-dev:amd64.
Preparing to unpack .../088-libavutil-dev_7%3a6.1.1-3ubuntu5_amd64.deb ...
Unpacking libavutil-dev:amd64 (7:6.1.1-3ubuntu5) ...
Selecting previously unselected package libswresample-dev:amd64.
Preparing to unpack .../089-libswresample-dev_7%3a6.1.1-3ubuntu5_amd64.deb ...
Unpacking libswresample-dev:amd64 (7:6.1.1-3ubuntu5) ...
Selecting previously unselected package libavcodec-dev:amd64.
Preparing to unpack .../090-libavcodec-dev_7%3a6.1.1-3ubuntu5_amd64.deb ...
Unpacking libavcodec-dev:amd64 (7:6.1.1-3ubuntu5) ...
Selecting previously unselected package libudfread0:amd64.
Preparing to unpack .../091-libudfread0_1.1.2-1build1_amd64.deb ...
Unpacking libudfread0:amd64 (1.1.2-1build1) ...
Selecting previously unselected package libbluray2:amd64.
Preparing to unpack .../092-libbluray2_1%3a1.3.4-1build1_amd64.deb ...
Unpacking libbluray2:amd64 (1:1.3.4-1build1) ...
Selecting previously unselected package libchromaprint1:amd64.
Preparing to unpack .../093-libchromaprint1_1.5.1-5_amd64.deb ...
Unpacking libchromaprint1:amd64 (1.5.1-5) ...
Selecting previously unselected package libgme0:amd64.
Preparing to unpack .../094-libgme0_0.6.3-7build1_amd64.deb ...
Unpacking libgme0:amd64 (0.6.3-7build1) ...
Selecting previously unselected package libmpg123-0t64:amd64.
Preparing to unpack .../095-libmpg123-0t64_1.32.5-1ubuntu1.1_amd64.deb ...
Unpacking libmpg123-0t64:amd64 (1.32.5-1ubuntu1.1) ...
Selecting previously unselected package libvorbisfile3:amd64.
Preparing to unpack .../096-libvorbisfile3_1.3.7-1build3_amd64.deb ...
Unpacking libvorbisfile3:amd64 (1.3.7-1build3) ...
Selecting previously unselected package libopenmpt0t64:amd64.
Preparing to unpack .../097-libopenmpt0t64_0.7.3-1.1build3_amd64.deb ...
Unpacking libopenmpt0t64:amd64 (0.7.3-1.1build3) ...
Selecting previously unselected package librabbitmq4:amd64.
Preparing to unpack .../098-librabbitmq4_0.11.0-1ubuntu0.1_amd64.deb ...
Unpacking librabbitmq4:amd64 (0.11.0-1ubuntu0.1) ...
Selecting previously unselected package libcjson1:amd64.
Preparing to unpack .../099-libcjson1_1.7.17-1_amd64.deb ...
Unpacking libcjson1:amd64 (1.7.17-1) ...
Selecting previously unselected package libmbedcrypto7t64:amd64.
Preparing to unpack .../100-libmbedcrypto7t64_2.28.8-1_amd64.deb ...
Unpacking libmbedcrypto7t64:amd64 (2.28.8-1) ...
Selecting previously unselected package librist4:amd64.
Preparing to unpack .../101-librist4_0.2.10+dfsg-2_amd64.deb ...
Unpacking librist4:amd64 (0.2.10+dfsg-2) ...
Selecting previously unselected package libsrt1.5-gnutls:amd64.
Preparing to unpack .../102-libsrt1.5-gnutls_1.5.3-1build2_amd64.deb ...
Unpacking libsrt1.5-gnutls:amd64 (1.5.3-1build2) ...
Selecting previously unselected package libssh-gcrypt-4:amd64.
Preparing to unpack .../103-libssh-gcrypt-4_0.10.6-2ubuntu0.4_amd64.deb ...
Unpacking libssh-gcrypt-4:amd64 (0.10.6-2ubuntu0.4) ...
Selecting previously unselected package libnorm1t64:amd64.
Preparing to unpack .../104-libnorm1t64_1.5.9+dfsg-3.1build1_amd64.deb ...
Unpacking libnorm1t64:amd64 (1.5.9+dfsg-3.1build1) ...
Selecting previously unselected package libpgm-5.3-0t64:amd64.
Preparing to unpack .../105-libpgm-5.3-0t64_5.3.128~dfsg-2.1build1_amd64.deb ...
Unpacking libpgm-5.3-0t64:amd64 (5.3.128~dfsg-2.1build1) ...
Selecting previously unselected package libzmq5:amd64.
Preparing to unpack .../106-libzmq5_4.3.5-1build2_amd64.deb ...
Unpacking libzmq5:amd64 (4.3.5-1build2) ...
Selecting previously unselected package libavformat60:amd64.
Preparing to unpack .../107-libavformat60_7%3a6.1.1-3ubuntu5_amd64.deb ...
Unpacking libavformat60:amd64 (7:6.1.1-3ubuntu5) ...
Selecting previously unselected package libavformat-dev:amd64.
Preparing to unpack .../108-libavformat-dev_7%3a6.1.1-3ubuntu5_amd64.deb ...
Unpacking libavformat-dev:amd64 (7:6.1.1-3ubuntu5) ...
Selecting previously unselected package libblosc1:amd64.
Preparing to unpack .../109-libblosc1_1.21.5+ds-1build1_amd64.deb ...
Unpacking libblosc1:amd64 (1.21.5+ds-1build1) ...
Selecting previously unselected package libblosc-dev:amd64.
Preparing to unpack .../110-libblosc-dev_1.21.5+ds-1build1_amd64.deb ...
Unpacking libblosc-dev:amd64 (1.21.5+ds-1build1) ...
Selecting previously unselected package libcfitsio10t64:amd64.
Preparing to unpack .../111-libcfitsio10t64_4.3.1-1.1build2_amd64.deb ...
Unpacking libcfitsio10t64:amd64 (4.3.1-1.1build2) ...
Selecting previously unselected package libcfitsio-dev:amd64.
Preparing to unpack .../112-libcfitsio-dev_4.3.1-1.1build2_amd64.deb ...
Unpacking libcfitsio-dev:amd64 (4.3.1-1.1build2) ...
Selecting previously unselected package libcharls2:amd64.
Preparing to unpack .../113-libcharls2_2.4.2-2build2_amd64.deb ...
Unpacking libcharls2:amd64 (2.4.2-2build2) ...
Selecting previously unselected package libllvm15t64:amd64.
Preparing to unpack .../114-libllvm15t64_1%3a15.0.7-14build3_amd64.deb ...
Unpacking libllvm15t64:amd64 (1:15.0.7-14build3) ...
Selecting previously unselected package libclang1-15t64.
Preparing to unpack .../115-libclang1-15t64_1%3a15.0.7-14build3_amd64.deb ...
Unpacking libclang1-15t64 (1:15.0.7-14build3) ...
Selecting previously unselected package libdav1d-dev:amd64.
Preparing to unpack .../116-libdav1d-dev_1.4.1-1build1_amd64.deb ...
Unpacking libdav1d-dev:amd64 (1.4.1-1build1) ...
Selecting previously unselected package libraw1394-11:amd64.
Preparing to unpack .../117-libraw1394-11_2.1.2-2build3_amd64.deb ...
Unpacking libraw1394-11:amd64 (2.1.2-2build3) ...
Selecting previously unselected package libdc1394-25:amd64.
Preparing to unpack .../118-libdc1394-25_2.2.6-4build1_amd64.deb ...
Unpacking libdc1394-25:amd64 (2.2.6-4build1) ...
Selecting previously unselected package libraw1394-dev:amd64.
Preparing to unpack .../119-libraw1394-dev_2.1.2-2build3_amd64.deb ...
Unpacking libraw1394-dev:amd64 (2.1.2-2build3) ...
Selecting previously unselected package libdc1394-dev:amd64.
Preparing to unpack .../120-libdc1394-dev_2.2.6-4build1_amd64.deb ...
Unpacking libdc1394-dev:amd64 (2.2.6-4build1) ...
Selecting previously unselected package libde265-0:amd64.
Preparing to unpack .../121-libde265-0_1.0.15-1ubuntu0.1_amd64.deb ...
Unpacking libde265-0:amd64 (1.0.15-1ubuntu0.1) ...
Selecting previously unselected package libde265-dev:amd64.
Preparing to unpack .../122-libde265-dev_1.0.15-1ubuntu0.1_amd64.deb ...
Unpacking libde265-dev:amd64 (1.0.15-1ubuntu0.1) ...
Selecting previously unselected package libdeflate-dev:amd64.
Preparing to unpack .../123-libdeflate-dev_1.19-1build1.1_amd64.deb ...
Unpacking libdeflate-dev:amd64 (1.19-1build1.1) ...
Selecting previously unselected package libexif12:amd64.
Preparing to unpack .../124-libexif12_0.6.24-1ubuntu0.24.04.1_amd64.deb ...
Unpacking libexif12:amd64 (0.6.24-1ubuntu0.24.04.1) ...
Selecting previously unselected package libexif-dev:amd64.
Preparing to unpack .../125-libexif-dev_0.6.24-1ubuntu0.24.04.1_amd64.deb ...
Unpacking libexif-dev:amd64 (0.6.24-1ubuntu0.24.04.1) ...
Selecting previously unselected package libflann1.9:amd64.
Preparing to unpack .../126-libflann1.9_1.9.2+dfsg-2build1_amd64.deb ...
Unpacking libflann1.9:amd64 (1.9.2+dfsg-2build1) ...
Selecting previously unselected package libhdf5-openmpi-103-1t64:amd64.
Preparing to unpack .../127-libhdf5-openmpi-103-1t64_1.10.10+repack-3.1ubuntu4_amd64.deb ...
Unpacking libhdf5-openmpi-103-1t64:amd64 (1.10.10+repack-3.1ubuntu4) ...
Selecting previously unselected package libhdf5-openmpi-fortran-102t64:amd64.
Preparing to unpack .../128-libhdf5-openmpi-fortran-102t64_1.10.10+repack-3.1ubuntu4_amd64.deb ...
Unpacking libhdf5-openmpi-fortran-102t64:amd64 (1.10.10+repack-3.1ubuntu4) ...
Selecting previously unselected package libhdf5-openmpi-hl-100t64:amd64.
Preparing to unpack .../129-libhdf5-openmpi-hl-100t64_1.10.10+repack-3.1ubuntu4_amd64.deb ...
Unpacking libhdf5-openmpi-hl-100t64:amd64 (1.10.10+repack-3.1ubuntu4) ...
Selecting previously unselected package libhdf5-openmpi-hl-fortran-100t64:amd64.
Preparing to unpack .../130-libhdf5-openmpi-hl-fortran-100t64_1.10.10+repack-3.1ubuntu4_amd64.deb ...
Unpacking libhdf5-openmpi-hl-fortran-100t64:amd64 (1.10.10+repack-3.1ubuntu4) ...
Selecting previously unselected package libhdf5-openmpi-cpp-103-1t64:amd64.
Preparing to unpack .../131-libhdf5-openmpi-cpp-103-1t64_1.10.10+repack-3.1ubuntu4_amd64.deb ...
Unpacking libhdf5-openmpi-cpp-103-1t64:amd64 (1.10.10+repack-3.1ubuntu4) ...
Selecting previously unselected package libhdf5-openmpi-hl-cpp-100t64:amd64.
Preparing to unpack .../132-libhdf5-openmpi-hl-cpp-100t64_1.10.10+repack-3.1ubuntu4_amd64.deb ...
Unpacking libhdf5-openmpi-hl-cpp-100t64:amd64 (1.10.10+repack-3.1ubuntu4) ...
Selecting previously unselected package libhdf5-openmpi-dev.
Preparing to unpack .../133-libhdf5-openmpi-dev_1.10.10+repack-3.1ubuntu4_amd64.deb ...
Unpacking libhdf5-openmpi-dev (1.10.10+repack-3.1ubuntu4) ...
Selecting previously unselected package libhdf5-mpi-dev.
Preparing to unpack .../134-libhdf5-mpi-dev_1.10.10+repack-3.1ubuntu4_amd64.deb ...
Unpacking libhdf5-mpi-dev (1.10.10+repack-3.1ubuntu4) ...
Selecting previously unselected package liblz4-dev:amd64.
Preparing to unpack .../135-liblz4-dev_1.9.4-1build1.1_amd64.deb ...
Unpacking liblz4-dev:amd64 (1.9.4-1build1.1) ...
Selecting previously unselected package libflann-dev:amd64.
Preparing to unpack .../136-libflann-dev_1.9.2+dfsg-2build1_amd64.deb ...
Unpacking libflann-dev:amd64 (1.9.2+dfsg-2build1) ...
Selecting previously unselected package libfyba0t64:amd64.
Preparing to unpack .../137-libfyba0t64_4.1.1-11build1_amd64.deb ...
Unpacking libfyba0t64:amd64 (4.1.1-11build1) ...
Selecting previously unselected package libfyba-dev:amd64.
Preparing to unpack .../138-libfyba-dev_4.1.1-11build1_amd64.deb ...
Unpacking libfyba-dev:amd64 (4.1.1-11build1) ...
Selecting previously unselected package libheif-plugin-aomdec:amd64.
Preparing to unpack .../139-libheif-plugin-aomdec_1.17.6-1ubuntu4.6_amd64.deb ...
Unpacking libheif-plugin-aomdec:amd64 (1.17.6-1ubuntu4.6) ...
Selecting previously unselected package libheif1:amd64.
Preparing to unpack .../140-libheif1_1.17.6-1ubuntu4.6_amd64.deb ...
Unpacking libheif1:amd64 (1.17.6-1ubuntu4.6) ...
Selecting previously unselected package libgd3:amd64.
Preparing to unpack .../141-libgd3_2.3.3-9ubuntu5_amd64.deb ...
Unpacking libgd3:amd64 (2.3.3-9ubuntu5) ...
Selecting previously unselected package libfreexl1:amd64.
Preparing to unpack .../142-libfreexl1_2.0.0-1build2_amd64.deb ...
Unpacking libfreexl1:amd64 (2.0.0-1build2) ...
Selecting previously unselected package libgeos3.12.1t64:amd64.
Preparing to unpack .../143-libgeos3.12.1t64_3.12.1-3build1_amd64.deb ...
Unpacking libgeos3.12.1t64:amd64 (3.12.1-3build1) ...
Selecting previously unselected package libgeos-c1t64:amd64.
Preparing to unpack .../144-libgeos-c1t64_3.12.1-3build1_amd64.deb ...
Unpacking libgeos-c1t64:amd64 (3.12.1-3build1) ...
Selecting previously unselected package proj-data.
Preparing to unpack .../145-proj-data_9.4.0-1build2_all.deb ...
Unpacking proj-data (9.4.0-1build2) ...
Selecting previously unselected package libproj25:amd64.
Preparing to unpack .../146-libproj25_9.4.0-1build2_amd64.deb ...
Unpacking libproj25:amd64 (9.4.0-1build2) ...
Selecting previously unselected package libgeotiff5:amd64.
Preparing to unpack .../147-libgeotiff5_1.7.1-5build1_amd64.deb ...
Unpacking libgeotiff5:amd64 (1.7.1-5build1) ...
Selecting previously unselected package libhdf4-0-alt:amd64.
Preparing to unpack .../148-libhdf4-0-alt_4.2.16-4build1_amd64.deb ...
Unpacking libhdf4-0-alt:amd64 (4.2.16-4build1) ...
Selecting previously unselected package liburiparser1:amd64.
Preparing to unpack .../149-liburiparser1_0.9.7+dfsg-2build1_amd64.deb ...
Unpacking liburiparser1:amd64 (0.9.7+dfsg-2build1) ...
Selecting previously unselected package libkmlbase1t64:amd64.
Preparing to unpack .../150-libkmlbase1t64_1.3.0-12build1_amd64.deb ...
Unpacking libkmlbase1t64:amd64 (1.3.0-12build1) ...
Selecting previously unselected package libkmldom1t64:amd64.
Preparing to unpack .../151-libkmldom1t64_1.3.0-12build1_amd64.deb ...
Unpacking libkmldom1t64:amd64 (1.3.0-12build1) ...
Selecting previously unselected package libkmlengine1t64:amd64.
Preparing to unpack .../152-libkmlengine1t64_1.3.0-12build1_amd64.deb ...
Unpacking libkmlengine1t64:amd64 (1.3.0-12build1) ...
Selecting previously unselected package libnetcdf19t64:amd64.
Preparing to unpack .../153-libnetcdf19t64_1%3a4.9.2-5ubuntu4_amd64.deb ...
Unpacking libnetcdf19t64:amd64 (1:4.9.2-5ubuntu4) ...
Selecting previously unselected package libodbc2:amd64.
Preparing to unpack .../154-libodbc2_2.3.12-1ubuntu0.24.04.1_amd64.deb ...
Unpacking libodbc2:amd64 (2.3.12-1ubuntu0.24.04.1) ...
Selecting previously unselected package unixodbc-common.
Preparing to unpack .../155-unixodbc-common_2.3.12-1ubuntu0.24.04.1_all.deb ...
Unpacking unixodbc-common (2.3.12-1ubuntu0.24.04.1) ...
Selecting previously unselected package libodbcinst2:amd64.
Preparing to unpack .../156-libodbcinst2_2.3.12-1ubuntu0.24.04.1_amd64.deb ...
Unpacking libodbcinst2:amd64 (2.3.12-1ubuntu0.24.04.1) ...
Selecting previously unselected package libogdi4.1:amd64.
Preparing to unpack .../157-libogdi4.1_4.1.1+ds-3build1_amd64.deb ...
Unpacking libogdi4.1:amd64 (4.1.1+ds-3build1) ...
Selecting previously unselected package libpoppler134:amd64.
Preparing to unpack .../158-libpoppler134_24.02.0-1ubuntu9.9_amd64.deb ...
Unpacking libpoppler134:amd64 (24.02.0-1ubuntu9.9) ...
Selecting previously unselected package libpq5:amd64.
Preparing to unpack .../159-libpq5_16.14-0ubuntu0.24.04.1_amd64.deb ...
Unpacking libpq5:amd64 (16.14-0ubuntu0.24.04.1) ...
Selecting previously unselected package librttopo1:amd64.
Preparing to unpack .../160-librttopo1_1.1.0-3build2_amd64.deb ...
Unpacking librttopo1:amd64 (1.1.0-3build2) ...
Selecting previously unselected package libspatialite8t64:amd64.
Preparing to unpack .../161-libspatialite8t64_5.1.0-3build1_amd64.deb ...
Unpacking libspatialite8t64:amd64 (5.1.0-3build1) ...
Selecting previously unselected package libxerces-c3.2t64:amd64.
Preparing to unpack .../162-libxerces-c3.2t64_3.2.4+debian-1.2ubuntu2_amd64.deb ...
Unpacking libxerces-c3.2t64:amd64 (3.2.4+debian-1.2ubuntu2) ...
Selecting previously unselected package libgdal34t64:amd64.
Preparing to unpack .../163-libgdal34t64_3.8.4+dfsg-3ubuntu3_amd64.deb ...
Unpacking libgdal34t64:amd64 (3.8.4+dfsg-3ubuntu3) ...
Selecting previously unselected package libsocket++1:amd64.
Preparing to unpack .../164-libsocket++1_1.12.13+git20131030.5d039ba-1build1_amd64.deb ...
Unpacking libsocket++1:amd64 (1.12.13+git20131030.5d039ba-1build1) ...
Selecting previously unselected package libgdcm3.0t64:amd64.
Preparing to unpack .../165-libgdcm3.0t64_3.0.22-2.1ubuntu1_amd64.deb ...
Unpacking libgdcm3.0t64:amd64 (3.0.22-2.1ubuntu1) ...
Selecting previously unselected package libgdcm-dev.
Preparing to unpack .../166-libgdcm-dev_3.0.22-2.1ubuntu1_amd64.deb ...
Unpacking libgdcm-dev (3.0.22-2.1ubuntu1) ...
Selecting previously unselected package libgeos-dev.
Preparing to unpack .../167-libgeos-dev_3.12.1-3build1_amd64.deb ...
Unpacking libgeos-dev (3.12.1-3build1) ...
Selecting previously unselected package libgif-dev:amd64.
Preparing to unpack .../168-libgif-dev_5.2.2-1ubuntu1.2_amd64.deb ...
Unpacking libgif-dev:amd64 (5.2.2-1ubuntu1.2) ...
Selecting previously unselected package libgl2ps1.4.
Preparing to unpack .../169-libgl2ps1.4_1.4.2+dfsg1-2build1_amd64.deb ...
Unpacking libgl2ps1.4 (1.4.2+dfsg1-2build1) ...
Selecting previously unselected package libgl2ps-dev.
Preparing to unpack .../170-libgl2ps-dev_1.4.2+dfsg1-2build1_amd64.deb ...
Unpacking libgl2ps-dev (1.4.2+dfsg1-2build1) ...
Selecting previously unselected package libgphoto2-port12t64:amd64.
Preparing to unpack .../171-libgphoto2-port12t64_2.5.31-2.1ubuntu1.1_amd64.deb ...
Unpacking libgphoto2-port12t64:amd64 (2.5.31-2.1ubuntu1.1) ...
Selecting previously unselected package libgphoto2-6t64:amd64.
Preparing to unpack .../172-libgphoto2-6t64_2.5.31-2.1ubuntu1.1_amd64.deb ...
Unpacking libgphoto2-6t64:amd64 (2.5.31-2.1ubuntu1.1) ...
Selecting previously unselected package libgphoto2-dev:amd64.
Preparing to unpack .../173-libgphoto2-dev_2.5.31-2.1ubuntu1.1_amd64.deb ...
Unpacking libgphoto2-dev:amd64 (2.5.31-2.1ubuntu1.1) ...
Selecting previously unselected package libsharpyuv-dev:amd64.
Preparing to unpack .../174-libsharpyuv-dev_1.3.2-0.4build3_amd64.deb ...
Unpacking libsharpyuv-dev:amd64 (1.3.2-0.4build3) ...
Selecting previously unselected package libx265-dev:amd64.
Preparing to unpack .../175-libx265-dev_3.5-2build1_amd64.deb ...
Unpacking libx265-dev:amd64 (3.5-2build1) ...
Selecting previously unselected package libheif-dev:amd64.
Preparing to unpack .../176-libheif-dev_1.17.6-1ubuntu4.6_amd64.deb ...
Unpacking libheif-dev:amd64 (1.17.6-1ubuntu4.6) ...
Selecting previously unselected package libimath-dev:amd64.
Preparing to unpack .../177-libimath-dev_3.1.9-3.1ubuntu2_amd64.deb ...
Unpacking libimath-dev:amd64 (3.1.9-3.1ubuntu2) ...
Selecting previously unselected package libkmlconvenience1t64:amd64.
Preparing to unpack .../178-libkmlconvenience1t64_1.3.0-12build1_amd64.deb ...
Unpacking libkmlconvenience1t64:amd64 (1.3.0-12build1) ...
Selecting previously unselected package libkmlregionator1t64:amd64.
Preparing to unpack .../179-libkmlregionator1t64_1.3.0-12build1_amd64.deb ...
Unpacking libkmlregionator1t64:amd64 (1.3.0-12build1) ...
Selecting previously unselected package libkmlxsd1t64:amd64.
Preparing to unpack .../180-libkmlxsd1t64_1.3.0-12build1_amd64.deb ...
Unpacking libkmlxsd1t64:amd64 (1.3.0-12build1) ...
Selecting previously unselected package liblept5:amd64.
Preparing to unpack .../181-liblept5_1.82.0-3build4_amd64.deb ...
Unpacking liblept5:amd64 (1.82.0-3build4) ...
Selecting previously unselected package liblerc-dev:amd64.
Preparing to unpack .../182-liblerc-dev_4.0.0+ds-4ubuntu2_amd64.deb ...
Unpacking liblerc-dev:amd64 (4.0.0+ds-4ubuntu2) ...
Selecting previously unselected package libminizip-dev:amd64.
Preparing to unpack .../183-libminizip-dev_1%3a1.3.dfsg-3.1ubuntu2.1_amd64.deb ...
Unpacking libminizip-dev:amd64 (1:1.3.dfsg-3.1ubuntu2.1) ...
Selecting previously unselected package libxml2-dev:amd64.
Preparing to unpack .../184-libxml2-dev_2.9.14+dfsg-1.3ubuntu3.8_amd64.deb ...
Unpacking libxml2-dev:amd64 (2.9.14+dfsg-1.3ubuntu3.8) ...
Selecting previously unselected package libnetcdf-dev.
Preparing to unpack .../185-libnetcdf-dev_1%3a4.9.2-5ubuntu4_amd64.deb ...
Unpacking libnetcdf-dev (1:4.9.2-5ubuntu4) ...
Selecting previously unselected package libodbccr2:amd64.
Preparing to unpack .../186-libodbccr2_2.3.12-1ubuntu0.24.04.1_amd64.deb ...
Unpacking libodbccr2:amd64 (2.3.12-1ubuntu0.24.04.1) ...
Selecting previously unselected package libtirpc-dev:amd64.
Preparing to unpack .../187-libtirpc-dev_1.3.4+ds-1.1build1_amd64.deb ...
Unpacking libtirpc-dev:amd64 (1.3.4+ds-1.1build1) ...
Selecting previously unselected package libogdi-dev.
Preparing to unpack .../188-libogdi-dev_4.1.1+ds-3build1_amd64.deb ...
Unpacking libogdi-dev (4.1.1+ds-3build1) ...
Selecting previously unselected package libogg-dev:amd64.
Preparing to unpack .../189-libogg-dev_1.3.5-3build1_amd64.deb ...
Unpacking libogg-dev:amd64 (1.3.5-3build1) ...
Selecting previously unselected package libtbbmalloc2:amd64.
Preparing to unpack .../190-libtbbmalloc2_2021.11.0-2ubuntu2_amd64.deb ...
Unpacking libtbbmalloc2:amd64 (2021.11.0-2ubuntu2) ...
Selecting previously unselected package libtbbbind-2-5:amd64.
Preparing to unpack .../191-libtbbbind-2-5_2021.11.0-2ubuntu2_amd64.deb ...
Unpacking libtbbbind-2-5:amd64 (2021.11.0-2ubuntu2) ...
Selecting previously unselected package libtbb12:amd64.
Preparing to unpack .../192-libtbb12_2021.11.0-2ubuntu2_amd64.deb ...
Unpacking libtbb12:amd64 (2021.11.0-2ubuntu2) ...
Selecting previously unselected package libopencv-core406t64:amd64.
Preparing to unpack .../193-libopencv-core406t64_4.6.0+dfsg-13.1ubuntu1_amd64.deb ...
Unpacking libopencv-core406t64:amd64 (4.6.0+dfsg-13.1ubuntu1) ...
Selecting previously unselected package libopencv-flann406t64:amd64.
Preparing to unpack .../194-libopencv-flann406t64_4.6.0+dfsg-13.1ubuntu1_amd64.deb ...
Unpacking libopencv-flann406t64:amd64 (4.6.0+dfsg-13.1ubuntu1) ...
Selecting previously unselected package libopencv-imgproc406t64:amd64.
Preparing to unpack .../195-libopencv-imgproc406t64_4.6.0+dfsg-13.1ubuntu1_amd64.deb ...
Unpacking libopencv-imgproc406t64:amd64 (4.6.0+dfsg-13.1ubuntu1) ...
Selecting previously unselected package libopencv-features2d406t64:amd64.
Preparing to unpack .../196-libopencv-features2d406t64_4.6.0+dfsg-13.1ubuntu1_amd64.deb ...
Unpacking libopencv-features2d406t64:amd64 (4.6.0+dfsg-13.1ubuntu1) ...
Selecting previously unselected package libopencv-calib3d406t64:amd64.
Preparing to unpack .../197-libopencv-calib3d406t64_4.6.0+dfsg-13.1ubuntu1_amd64.deb ...
Unpacking libopencv-calib3d406t64:amd64 (4.6.0+dfsg-13.1ubuntu1) ...
Selecting previously unselected package libtbb-dev:amd64.
Preparing to unpack .../198-libtbb-dev_2021.11.0-2ubuntu2_amd64.deb ...
Unpacking libtbb-dev:amd64 (2021.11.0-2ubuntu2) ...
Selecting previously unselected package libopencv-core-dev:amd64.
Preparing to unpack .../199-libopencv-core-dev_4.6.0+dfsg-13.1ubuntu1_amd64.deb ...
Unpacking libopencv-core-dev:amd64 (4.6.0+dfsg-13.1ubuntu1) ...
Selecting previously unselected package libopencv-flann-dev:amd64.
Preparing to unpack .../200-libopencv-flann-dev_4.6.0+dfsg-13.1ubuntu1_amd64.deb ...
Unpacking libopencv-flann-dev:amd64 (4.6.0+dfsg-13.1ubuntu1) ...
Selecting previously unselected package libopencv-imgcodecs406t64:amd64.
Preparing to unpack .../201-libopencv-imgcodecs406t64_4.6.0+dfsg-13.1ubuntu1_amd64.deb ...
Unpacking libopencv-imgcodecs406t64:amd64 (4.6.0+dfsg-13.1ubuntu1) ...
Selecting previously unselected package libopencv-highgui406t64:amd64.
Preparing to unpack .../202-libopencv-highgui406t64_4.6.0+dfsg-13.1ubuntu1_amd64.deb ...
Unpacking libopencv-highgui406t64:amd64 (4.6.0+dfsg-13.1ubuntu1) ...
Selecting previously unselected package libopencv-imgproc-dev:amd64.
Preparing to unpack .../203-libopencv-imgproc-dev_4.6.0+dfsg-13.1ubuntu1_amd64.deb ...
Unpacking libopencv-imgproc-dev:amd64 (4.6.0+dfsg-13.1ubuntu1) ...
Selecting previously unselected package libopencv-imgcodecs-dev:amd64.
Preparing to unpack .../204-libopencv-imgcodecs-dev_4.6.0+dfsg-13.1ubuntu1_amd64.deb ...
Unpacking libopencv-imgcodecs-dev:amd64 (4.6.0+dfsg-13.1ubuntu1) ...
Selecting previously unselected package libswscale7:amd64.
Preparing to unpack .../205-libswscale7_7%3a6.1.1-3ubuntu5_amd64.deb ...
Unpacking libswscale7:amd64 (7:6.1.1-3ubuntu5) ...
Selecting previously unselected package libopencv-videoio406t64:amd64.
Preparing to unpack .../206-libopencv-videoio406t64_4.6.0+dfsg-13.1ubuntu1_amd64.deb ...
Unpacking libopencv-videoio406t64:amd64 (4.6.0+dfsg-13.1ubuntu1) ...
Selecting previously unselected package libopencv-videoio-dev:amd64.
Preparing to unpack .../207-libopencv-videoio-dev_4.6.0+dfsg-13.1ubuntu1_amd64.deb ...
Unpacking libopencv-videoio-dev:amd64 (4.6.0+dfsg-13.1ubuntu1) ...
Selecting previously unselected package libopenexr-dev.
Preparing to unpack .../208-libopenexr-dev_3.1.5-5.1build3_amd64.deb ...
Unpacking libopenexr-dev (3.1.5-5.1build3) ...
Selecting previously unselected package libswscale-dev:amd64.
Preparing to unpack .../209-libswscale-dev_7%3a6.1.1-3ubuntu5_amd64.deb ...
Unpacking libswscale-dev:amd64 (7:6.1.1-3ubuntu5) ...
Selecting previously unselected package libjbig-dev:amd64.
Preparing to unpack .../210-libjbig-dev_2.1-6.1ubuntu2_amd64.deb ...
Unpacking libjbig-dev:amd64 (2.1-6.1ubuntu2) ...
Selecting previously unselected package liblzma-dev:amd64.
Preparing to unpack .../211-liblzma-dev_5.6.1+really5.4.5-1ubuntu0.3_amd64.deb ...
Unpacking liblzma-dev:amd64 (5.6.1+really5.4.5-1ubuntu0.3) ...
Selecting previously unselected package libwebpdecoder3:amd64.
Preparing to unpack .../212-libwebpdecoder3_1.3.2-0.4build3_amd64.deb ...
Unpacking libwebpdecoder3:amd64 (1.3.2-0.4build3) ...
Selecting previously unselected package libwebp-dev:amd64.
Preparing to unpack .../213-libwebp-dev_1.3.2-0.4build3_amd64.deb ...
Unpacking libwebp-dev:amd64 (1.3.2-0.4build3) ...
Selecting previously unselected package libtiffxx6:amd64.
Preparing to unpack .../214-libtiffxx6_4.5.1+git230720-4ubuntu2.5_amd64.deb ...
Unpacking libtiffxx6:amd64 (4.5.1+git230720-4ubuntu2.5) ...
Selecting previously unselected package libtiff-dev:amd64.
Preparing to unpack .../215-libtiff-dev_4.5.1+git230720-4ubuntu2.5_amd64.deb ...
Unpacking libtiff-dev:amd64 (4.5.1+git230720-4ubuntu2.5) ...
Selecting previously unselected package libopencv-highgui-dev:amd64.
Preparing to unpack .../216-libopencv-highgui-dev_4.6.0+dfsg-13.1ubuntu1_amd64.deb ...
Unpacking libopencv-highgui-dev:amd64 (4.6.0+dfsg-13.1ubuntu1) ...
Selecting previously unselected package libopencv-ml406t64:amd64.
Preparing to unpack .../217-libopencv-ml406t64_4.6.0+dfsg-13.1ubuntu1_amd64.deb ...
Unpacking libopencv-ml406t64:amd64 (4.6.0+dfsg-13.1ubuntu1) ...
Selecting previously unselected package libopencv-ml-dev:amd64.
Preparing to unpack .../218-libopencv-ml-dev_4.6.0+dfsg-13.1ubuntu1_amd64.deb ...
Unpacking libopencv-ml-dev:amd64 (4.6.0+dfsg-13.1ubuntu1) ...
Selecting previously unselected package libopencv-features2d-dev:amd64.
Preparing to unpack .../219-libopencv-features2d-dev_4.6.0+dfsg-13.1ubuntu1_amd64.deb ...
Unpacking libopencv-features2d-dev:amd64 (4.6.0+dfsg-13.1ubuntu1) ...
Selecting previously unselected package libopencv-calib3d-dev:amd64.
Preparing to unpack .../220-libopencv-calib3d-dev_4.6.0+dfsg-13.1ubuntu1_amd64.deb ...
Unpacking libopencv-calib3d-dev:amd64 (4.6.0+dfsg-13.1ubuntu1) ...
Selecting previously unselected package libprotobuf32t64:amd64.
Preparing to unpack .../221-libprotobuf32t64_3.21.12-8.2ubuntu0.3_amd64.deb ...
Unpacking libprotobuf32t64:amd64 (3.21.12-8.2ubuntu0.3) ...
Selecting previously unselected package libopencv-dnn406t64:amd64.
Preparing to unpack .../222-libopencv-dnn406t64_4.6.0+dfsg-13.1ubuntu1_amd64.deb ...
Unpacking libopencv-dnn406t64:amd64 (4.6.0+dfsg-13.1ubuntu1) ...
Selecting previously unselected package libopencv-objdetect406t64:amd64.
Preparing to unpack .../223-libopencv-objdetect406t64_4.6.0+dfsg-13.1ubuntu1_amd64.deb ...
Unpacking libopencv-objdetect406t64:amd64 (4.6.0+dfsg-13.1ubuntu1) ...
Selecting previously unselected package libopencv-video406t64:amd64.
Preparing to unpack .../224-libopencv-video406t64_4.6.0+dfsg-13.1ubuntu1_amd64.deb ...
Unpacking libopencv-video406t64:amd64 (4.6.0+dfsg-13.1ubuntu1) ...
Selecting previously unselected package libtesseract5:amd64.
Preparing to unpack .../225-libtesseract5_5.3.4-1build5_amd64.deb ...
Unpacking libtesseract5:amd64 (5.3.4-1build5) ...
Selecting previously unselected package libopencv-contrib406t64:amd64.
Preparing to unpack .../226-libopencv-contrib406t64_4.6.0+dfsg-13.1ubuntu1_amd64.deb ...
Unpacking libopencv-contrib406t64:amd64 (4.6.0+dfsg-13.1ubuntu1) ...
Selecting previously unselected package libopencv-dnn-dev:amd64.
Preparing to unpack .../227-libopencv-dnn-dev_4.6.0+dfsg-13.1ubuntu1_amd64.deb ...
Unpacking libopencv-dnn-dev:amd64 (4.6.0+dfsg-13.1ubuntu1) ...
Selecting previously unselected package libopencv-objdetect-dev:amd64.
Preparing to unpack .../228-libopencv-objdetect-dev_4.6.0+dfsg-13.1ubuntu1_amd64.deb ...
Unpacking libopencv-objdetect-dev:amd64 (4.6.0+dfsg-13.1ubuntu1) ...
Selecting previously unselected package libopencv-photo406t64:amd64.
Preparing to unpack .../229-libopencv-photo406t64_4.6.0+dfsg-13.1ubuntu1_amd64.deb ...
Unpacking libopencv-photo406t64:amd64 (4.6.0+dfsg-13.1ubuntu1) ...
Selecting previously unselected package libopencv-photo-dev:amd64.
Preparing to unpack .../230-libopencv-photo-dev_4.6.0+dfsg-13.1ubuntu1_amd64.deb ...
Unpacking libopencv-photo-dev:amd64 (4.6.0+dfsg-13.1ubuntu1) ...
Selecting previously unselected package libopencv-shape406t64:amd64.
Preparing to unpack .../231-libopencv-shape406t64_4.6.0+dfsg-13.1ubuntu1_amd64.deb ...
Unpacking libopencv-shape406t64:amd64 (4.6.0+dfsg-13.1ubuntu1) ...
Selecting previously unselected package libopencv-video-dev:amd64.
Preparing to unpack .../232-libopencv-video-dev_4.6.0+dfsg-13.1ubuntu1_amd64.deb ...
Unpacking libopencv-video-dev:amd64 (4.6.0+dfsg-13.1ubuntu1) ...
Selecting previously unselected package libopencv-shape-dev:amd64.
Preparing to unpack .../233-libopencv-shape-dev_4.6.0+dfsg-13.1ubuntu1_amd64.deb ...
Unpacking libopencv-shape-dev:amd64 (4.6.0+dfsg-13.1ubuntu1) ...
Selecting previously unselected package libopencv-stitching406t64:amd64.
Preparing to unpack .../234-libopencv-stitching406t64_4.6.0+dfsg-13.1ubuntu1_amd64.deb ...
Unpacking libopencv-stitching406t64:amd64 (4.6.0+dfsg-13.1ubuntu1) ...
Selecting previously unselected package libopencv-stitching-dev:amd64.
Preparing to unpack .../235-libopencv-stitching-dev_4.6.0+dfsg-13.1ubuntu1_amd64.deb ...
Unpacking libopencv-stitching-dev:amd64 (4.6.0+dfsg-13.1ubuntu1) ...
Selecting previously unselected package libopencv-superres406t64:amd64.
Preparing to unpack .../236-libopencv-superres406t64_4.6.0+dfsg-13.1ubuntu1_amd64.deb ...
Unpacking libopencv-superres406t64:amd64 (4.6.0+dfsg-13.1ubuntu1) ...
Selecting previously unselected package libopencv-superres-dev:amd64.
Preparing to unpack .../237-libopencv-superres-dev_4.6.0+dfsg-13.1ubuntu1_amd64.deb ...
Unpacking libopencv-superres-dev:amd64 (4.6.0+dfsg-13.1ubuntu1) ...
Selecting previously unselected package libopencv-videostab406t64:amd64.
Preparing to unpack .../238-libopencv-videostab406t64_4.6.0+dfsg-13.1ubuntu1_amd64.deb ...
Unpacking libopencv-videostab406t64:amd64 (4.6.0+dfsg-13.1ubuntu1) ...
Selecting previously unselected package libopencv-videostab-dev:amd64.
Preparing to unpack .../239-libopencv-videostab-dev_4.6.0+dfsg-13.1ubuntu1_amd64.deb ...
Unpacking libopencv-videostab-dev:amd64 (4.6.0+dfsg-13.1ubuntu1) ...
Selecting previously unselected package libxft2:amd64.
Preparing to unpack .../240-libxft2_2.3.6-1build1_amd64.deb ...
Unpacking libxft2:amd64 (2.3.6-1build1) ...
Selecting previously unselected package libxss1:amd64.
Preparing to unpack .../241-libxss1_1%3a1.2.3-1build3_amd64.deb ...
Unpacking libxss1:amd64 (1:1.2.3-1build3) ...
Selecting previously unselected package libtk8.6:amd64.
Preparing to unpack .../242-libtk8.6_8.6.14-1build1_amd64.deb ...
Unpacking libtk8.6:amd64 (8.6.14-1build1) ...
Selecting previously unselected package libvtk9.1t64:amd64.
Preparing to unpack .../243-libvtk9.1t64_9.1.0+really9.1.0+dfsg2-7.1build3_amd64.deb ...
Unpacking libvtk9.1t64:amd64 (9.1.0+really9.1.0+dfsg2-7.1build3) ...
Selecting previously unselected package libopencv-viz406t64:amd64.
Preparing to unpack .../244-libopencv-viz406t64_4.6.0+dfsg-13.1ubuntu1_amd64.deb ...
Unpacking libopencv-viz406t64:amd64 (4.6.0+dfsg-13.1ubuntu1) ...
Selecting previously unselected package libopencv-viz-dev:amd64.
Preparing to unpack .../245-libopencv-viz-dev_4.6.0+dfsg-13.1ubuntu1_amd64.deb ...
Unpacking libopencv-viz-dev:amd64 (4.6.0+dfsg-13.1ubuntu1) ...
Selecting previously unselected package libopencv-contrib-dev:amd64.
Preparing to unpack .../246-libopencv-contrib-dev_4.6.0+dfsg-13.1ubuntu1_amd64.deb ...
Unpacking libopencv-contrib-dev:amd64 (4.6.0+dfsg-13.1ubuntu1) ...
Selecting previously unselected package libopencv-dev.
Preparing to unpack .../247-libopencv-dev_4.6.0+dfsg-13.1ubuntu1_amd64.deb ...
Unpacking libopencv-dev (4.6.0+dfsg-13.1ubuntu1) ...
Selecting previously unselected package libtinyxml2.6.2v5:amd64.
Preparing to unpack .../248-libtinyxml2.6.2v5_2.6.2-6.1_amd64.deb ...
Unpacking libtinyxml2.6.2v5:amd64 (2.6.2-6.1) ...
Selecting previously unselected package libopenni0t64.
Preparing to unpack .../249-libopenni0t64_1.5.4.0+dfsg-7.1build1_amd64.deb ...
Unpacking libopenni0t64 (1.5.4.0+dfsg-7.1build1) ...
Selecting previously unselected package libopenni-dev:amd64.
Preparing to unpack .../250-libopenni-dev_1.5.4.0+dfsg-7.1build1_amd64.deb ...
Unpacking libopenni-dev:amd64 (1.5.4.0+dfsg-7.1build1) ...
Selecting previously unselected package libopenni2-0:amd64.
Preparing to unpack .../251-libopenni2-0_2.2.0.33+dfsg-18_amd64.deb ...
Unpacking libopenni2-0:amd64 (2.2.0.33+dfsg-18) ...
Selecting previously unselected package libopenni2-dev:amd64.
Preparing to unpack .../252-libopenni2-dev_2.2.0.33+dfsg-18_amd64.deb ...
Unpacking libopenni2-dev:amd64 (2.2.0.33+dfsg-18) ...
Selecting previously unselected package libpcl-common1.14:amd64.
Preparing to unpack .../253-libpcl-common1.14_1.14.0+dfsg-1_amd64.deb ...
Unpacking libpcl-common1.14:amd64 (1.14.0+dfsg-1) ...
Selecting previously unselected package libpcl-kdtree1.14:amd64.
Preparing to unpack .../254-libpcl-kdtree1.14_1.14.0+dfsg-1_amd64.deb ...
Unpacking libpcl-kdtree1.14:amd64 (1.14.0+dfsg-1) ...
Selecting previously unselected package libpcl-octree1.14:amd64.
Preparing to unpack .../255-libpcl-octree1.14_1.14.0+dfsg-1_amd64.deb ...
Unpacking libpcl-octree1.14:amd64 (1.14.0+dfsg-1) ...
Selecting previously unselected package libpcl-sample-consensus1.14:amd64.
Preparing to unpack .../256-libpcl-sample-consensus1.14_1.14.0+dfsg-1_amd64.deb ...
Unpacking libpcl-sample-consensus1.14:amd64 (1.14.0+dfsg-1) ...
Selecting previously unselected package libpcl-search1.14:amd64.
Preparing to unpack .../257-libpcl-search1.14_1.14.0+dfsg-1_amd64.deb ...
Unpacking libpcl-search1.14:amd64 (1.14.0+dfsg-1) ...
Selecting previously unselected package libpcl-filters1.14:amd64.
Preparing to unpack .../258-libpcl-filters1.14_1.14.0+dfsg-1_amd64.deb ...
Unpacking libpcl-filters1.14:amd64 (1.14.0+dfsg-1) ...
Selecting previously unselected package libpcl-features1.14:amd64.
Preparing to unpack .../259-libpcl-features1.14_1.14.0+dfsg-1_amd64.deb ...
Unpacking libpcl-features1.14:amd64 (1.14.0+dfsg-1) ...
Selecting previously unselected package libpcl-ml1.14:amd64.
Preparing to unpack .../260-libpcl-ml1.14_1.14.0+dfsg-1_amd64.deb ...
Unpacking libpcl-ml1.14:amd64 (1.14.0+dfsg-1) ...
Selecting previously unselected package libpcl-segmentation1.14:amd64.
Preparing to unpack .../261-libpcl-segmentation1.14_1.14.0+dfsg-1_amd64.deb ...
Unpacking libpcl-segmentation1.14:amd64 (1.14.0+dfsg-1) ...
Selecting previously unselected package libpcl-surface1.14:amd64.
Preparing to unpack .../262-libpcl-surface1.14_1.14.0+dfsg-1_amd64.deb ...
Unpacking libpcl-surface1.14:amd64 (1.14.0+dfsg-1) ...
Selecting previously unselected package libpcl-apps1.14:amd64.
Preparing to unpack .../263-libpcl-apps1.14_1.14.0+dfsg-1_amd64.deb ...
Unpacking libpcl-apps1.14:amd64 (1.14.0+dfsg-1) ...
Selecting previously unselected package libpcl-io1.14:amd64.
Preparing to unpack .../264-libpcl-io1.14_1.14.0+dfsg-1_amd64.deb ...
Unpacking libpcl-io1.14:amd64 (1.14.0+dfsg-1) ...
Selecting previously unselected package libpcl-keypoints1.14:amd64.
Preparing to unpack .../265-libpcl-keypoints1.14_1.14.0+dfsg-1_amd64.deb ...
Unpacking libpcl-keypoints1.14:amd64 (1.14.0+dfsg-1) ...
Selecting previously unselected package libpcl-outofcore1.14:amd64.
Preparing to unpack .../266-libpcl-outofcore1.14_1.14.0+dfsg-1_amd64.deb ...
Unpacking libpcl-outofcore1.14:amd64 (1.14.0+dfsg-1) ...
Selecting previously unselected package libpcl-people1.14:amd64.
Preparing to unpack .../267-libpcl-people1.14_1.14.0+dfsg-1_amd64.deb ...
Unpacking libpcl-people1.14:amd64 (1.14.0+dfsg-1) ...
Selecting previously unselected package libpcl-registration1.14:amd64.
Preparing to unpack .../268-libpcl-registration1.14_1.14.0+dfsg-1_amd64.deb ...
Unpacking libpcl-registration1.14:amd64 (1.14.0+dfsg-1) ...
Selecting previously unselected package libpcl-recognition1.14:amd64.
Preparing to unpack .../269-libpcl-recognition1.14_1.14.0+dfsg-1_amd64.deb ...
Unpacking libpcl-recognition1.14:amd64 (1.14.0+dfsg-1) ...
Selecting previously unselected package libpcl-stereo1.14:amd64.
Preparing to unpack .../270-libpcl-stereo1.14_1.14.0+dfsg-1_amd64.deb ...
Unpacking libpcl-stereo1.14:amd64 (1.14.0+dfsg-1) ...
Selecting previously unselected package libpcl-tracking1.14:amd64.
Preparing to unpack .../271-libpcl-tracking1.14_1.14.0+dfsg-1_amd64.deb ...
Unpacking libpcl-tracking1.14:amd64 (1.14.0+dfsg-1) ...
Selecting previously unselected package libpcl-visualization1.14:amd64.
Preparing to unpack .../272-libpcl-visualization1.14_1.14.0+dfsg-1_amd64.deb ...
Unpacking libpcl-visualization1.14:amd64 (1.14.0+dfsg-1) ...
Selecting previously unselected package libpcre2-32-0:amd64.
Preparing to unpack .../273-libpcre2-32-0_10.42-4ubuntu2.1_amd64.deb ...
Unpacking libpcre2-32-0:amd64 (10.42-4ubuntu2.1) ...
Selecting previously unselected package libpcre2-posix3:amd64.
Preparing to unpack .../274-libpcre2-posix3_10.42-4ubuntu2.1_amd64.deb ...
Unpacking libpcre2-posix3:amd64 (10.42-4ubuntu2.1) ...
Selecting previously unselected package libpcre2-dev:amd64.
Preparing to unpack .../275-libpcre2-dev_10.42-4ubuntu2.1_amd64.deb ...
Unpacking libpcre2-dev:amd64 (10.42-4ubuntu2.1) ...
Selecting previously unselected package libpoppler-dev:amd64.
Preparing to unpack .../276-libpoppler-dev_24.02.0-1ubuntu9.9_amd64.deb ...
Unpacking libpoppler-dev:amd64 (24.02.0-1ubuntu9.9) ...
Selecting previously unselected package libpoppler-private-dev:amd64.
Preparing to unpack .../277-libpoppler-private-dev_24.02.0-1ubuntu9.9_amd64.deb ...
Unpacking libpoppler-private-dev:amd64 (24.02.0-1ubuntu9.9) ...
Selecting previously unselected package libpq-dev.
Preparing to unpack .../278-libpq-dev_16.14-0ubuntu0.24.04.1_amd64.deb ...
Unpacking libpq-dev (16.14-0ubuntu0.24.04.1) ...
Selecting previously unselected package libqt5designercomponents5:amd64.
Preparing to unpack .../279-libqt5designercomponents5_5.15.13-1_amd64.deb ...
Unpacking libqt5designercomponents5:amd64 (5.15.13-1) ...
Selecting previously unselected package librttopo-dev:amd64.
Preparing to unpack .../280-librttopo-dev_1.1.0-3build2_amd64.deb ...
Unpacking librttopo-dev:amd64 (1.1.0-3build2) ...
Selecting previously unselected package libsqlite3-dev:amd64.
Preparing to unpack .../281-libsqlite3-dev_3.45.1-1ubuntu2.7_amd64.deb ...
Unpacking libsqlite3-dev:amd64 (3.45.1-1ubuntu2.7) ...
Selecting previously unselected package libtheora-dev:amd64.
Preparing to unpack .../282-libtheora-dev_1.1.1+dfsg.1-16.1build3_amd64.deb ...
Unpacking libtheora-dev:amd64 (1.1.1+dfsg.1-16.1build3) ...
Selecting previously unselected package liburiparser-dev.
Preparing to unpack .../283-liburiparser-dev_0.9.7+dfsg-2build1_amd64.deb ...
Unpacking liburiparser-dev (0.9.7+dfsg-2build1) ...
Selecting previously unselected package libusb-1.0-0-dev:amd64.
Preparing to unpack .../284-libusb-1.0-0-dev_2%3a1.0.27-1_amd64.deb ...
Unpacking libusb-1.0-0-dev:amd64 (2:1.0.27-1) ...
Selecting previously unselected package libutfcpp-dev.
Preparing to unpack .../285-libutfcpp-dev_3.2.5+really3.2.4-1_all.deb ...
Unpacking libutfcpp-dev (3.2.5+really3.2.4-1) ...
Selecting previously unselected package libdouble-conversion-dev:amd64.
Preparing to unpack .../286-libdouble-conversion-dev_3.3.0-1build1_amd64.deb ...
Unpacking libdouble-conversion-dev:amd64 (3.3.0-1build1) ...
Selecting previously unselected package libfreexl-dev:amd64.
Preparing to unpack .../287-libfreexl-dev_2.0.0-1build2_amd64.deb ...
Unpacking libfreexl-dev:amd64 (2.0.0-1build2) ...
Selecting previously unselected package libproj-dev:amd64.
Preparing to unpack .../288-libproj-dev_9.4.0-1build2_amd64.deb ...
Unpacking libproj-dev:amd64 (9.4.0-1build2) ...
Selecting previously unselected package libgeotiff-dev:amd64.
Preparing to unpack .../289-libgeotiff-dev_1.7.1-5build1_amd64.deb ...
Unpacking libgeotiff-dev:amd64 (1.7.1-5build1) ...
Selecting previously unselected package libhdf4-alt-dev.
Preparing to unpack .../290-libhdf4-alt-dev_4.2.16-4build1_amd64.deb ...
Unpacking libhdf4-alt-dev (4.2.16-4build1) ...
Selecting previously unselected package libjson-c-dev:amd64.
Preparing to unpack .../291-libjson-c-dev_0.17-1build1_amd64.deb ...
Unpacking libjson-c-dev:amd64 (0.17-1build1) ...
Selecting previously unselected package libkml-dev:amd64.
Preparing to unpack .../292-libkml-dev_1.3.0-12build1_amd64.deb ...
Unpacking libkml-dev:amd64 (1.3.0-12build1) ...
Selecting previously unselected package libopenjp2-7-dev:amd64.
Preparing to unpack .../293-libopenjp2-7-dev_2.5.0-2ubuntu0.5_amd64.deb ...
Unpacking libopenjp2-7-dev:amd64 (2.5.0-2ubuntu0.5) ...
Selecting previously unselected package libspatialite-dev:amd64.
Preparing to unpack .../294-libspatialite-dev_5.1.0-3build1_amd64.deb ...
Unpacking libspatialite-dev:amd64 (5.1.0-3build1) ...
Selecting previously unselected package libxerces-c-dev:amd64.
Preparing to unpack .../295-libxerces-c-dev_3.2.4+debian-1.2ubuntu2_amd64.deb ...
Unpacking libxerces-c-dev:amd64 (3.2.4+debian-1.2ubuntu2) ...
Selecting previously unselected package unixodbc-dev:amd64.
Preparing to unpack .../296-unixodbc-dev_2.3.12-1ubuntu0.24.04.1_amd64.deb ...
Unpacking unixodbc-dev:amd64 (2.3.12-1ubuntu0.24.04.1) ...
Selecting previously unselected package libgdal-dev.
Preparing to unpack .../297-libgdal-dev_3.8.4+dfsg-3ubuntu3_amd64.deb ...
Unpacking libgdal-dev (3.8.4+dfsg-3ubuntu3) ...
Selecting previously unselected package libjsoncpp-dev:amd64.
Preparing to unpack .../298-libjsoncpp-dev_1.9.5-6build1_amd64.deb ...
Unpacking libjsoncpp-dev:amd64 (1.9.5-6build1) ...
Selecting previously unselected package libvtk9.1t64-qt:amd64.
Preparing to unpack .../299-libvtk9.1t64-qt_9.1.0+really9.1.0+dfsg2-7.1build3_amd64.deb ...
Unpacking libvtk9.1t64-qt:amd64 (9.1.0+really9.1.0+dfsg2-7.1build3) ...
Selecting previously unselected package libvtk9-java.
Preparing to unpack .../300-libvtk9-java_9.1.0+really9.1.0+dfsg2-7.1build3_amd64.deb ...
Unpacking libvtk9-java (9.1.0+really9.1.0+dfsg2-7.1build3) ...
Selecting previously unselected package libxft-dev:amd64.
Preparing to unpack .../301-libxft-dev_2.3.6-1build1_amd64.deb ...
Unpacking libxft-dev:amd64 (2.3.6-1build1) ...
Selecting previously unselected package libxss-dev:amd64.
Preparing to unpack .../302-libxss-dev_1%3a1.2.3-1build3_amd64.deb ...
Unpacking libxss-dev:amd64 (1:1.2.3-1build3) ...
Selecting previously unselected package python3-mpi4py.
Preparing to unpack .../303-python3-mpi4py_3.1.5-5ubuntu2_amd64.deb ...
Unpacking python3-mpi4py (3.1.5-5ubuntu2) ...
Selecting previously unselected package python3-vtk9.
Preparing to unpack .../304-python3-vtk9_9.1.0+really9.1.0+dfsg2-7.1build3_amd64.deb ...
Unpacking python3-vtk9 (9.1.0+really9.1.0+dfsg2-7.1build3) ...
Selecting previously unselected package tcl8.6-dev:amd64.
Preparing to unpack .../305-tcl8.6-dev_8.6.14+dfsg-1build1_amd64.deb ...
Unpacking tcl8.6-dev:amd64 (8.6.14+dfsg-1build1) ...
Selecting previously unselected package tcl-dev:amd64.
Preparing to unpack .../306-tcl-dev_8.6.14build1_amd64.deb ...
Unpacking tcl-dev:amd64 (8.6.14build1) ...
Selecting previously unselected package tk8.6.
Preparing to unpack .../307-tk8.6_8.6.14-1build1_amd64.deb ...
Unpacking tk8.6 (8.6.14-1build1) ...
Selecting previously unselected package tk8.6-dev:amd64.
Preparing to unpack .../308-tk8.6-dev_8.6.14-1build1_amd64.deb ...
Unpacking tk8.6-dev:amd64 (8.6.14-1build1) ...
Selecting previously unselected package tk.
Preparing to unpack .../309-tk_8.6.14build1_amd64.deb ...
Unpacking tk (8.6.14build1) ...
Selecting previously unselected package tk-dev:amd64.
Preparing to unpack .../310-tk-dev_8.6.14build1_amd64.deb ...
Unpacking tk-dev:amd64 (8.6.14build1) ...
Selecting previously unselected package vtk9.
Preparing to unpack .../311-vtk9_9.1.0+really9.1.0+dfsg2-7.1build3_amd64.deb ...
Unpacking vtk9 (9.1.0+really9.1.0+dfsg2-7.1build3) ...
Selecting previously unselected package libvtk9-dev.
Preparing to unpack .../312-libvtk9-dev_9.1.0+really9.1.0+dfsg2-7.1build3_amd64.deb ...
Unpacking libvtk9-dev (9.1.0+really9.1.0+dfsg2-7.1build3) ...
Selecting previously unselected package qdoc-qt5.
Preparing to unpack .../313-qdoc-qt5_5.15.13-1_amd64.deb ...
Unpacking qdoc-qt5 (5.15.13-1) ...
Selecting previously unselected package qhelpgenerator-qt5.
Preparing to unpack .../314-qhelpgenerator-qt5_5.15.13-1_amd64.deb ...
Unpacking qhelpgenerator-qt5 (5.15.13-1) ...
Selecting previously unselected package qt5-assistant.
Preparing to unpack .../315-qt5-assistant_5.15.13-1_amd64.deb ...
Unpacking qt5-assistant (5.15.13-1) ...
Selecting previously unselected package qtattributionsscanner-qt5.
Preparing to unpack .../316-qtattributionsscanner-qt5_5.15.13-1_amd64.deb ...
Unpacking qtattributionsscanner-qt5 (5.15.13-1) ...
Selecting previously unselected package qttools5-dev-tools.
Preparing to unpack .../317-qttools5-dev-tools_5.15.13-1_amd64.deb ...
Unpacking qttools5-dev-tools (5.15.13-1) ...
Selecting previously unselected package qttools5-dev:amd64.
Preparing to unpack .../318-qttools5-dev_5.15.13-1_amd64.deb ...
Unpacking qttools5-dev:amd64 (5.15.13-1) ...
Selecting previously unselected package qttools5-private-dev:amd64.
Preparing to unpack .../319-qttools5-private-dev_5.15.13-1_amd64.deb ...
Unpacking qttools5-private-dev:amd64 (5.15.13-1) ...
Selecting previously unselected package libvtk9-qt-dev:amd64.
Preparing to unpack .../320-libvtk9-qt-dev_9.1.0+really9.1.0+dfsg2-7.1build3_amd64.deb ...
Unpacking libvtk9-qt-dev:amd64 (9.1.0+really9.1.0+dfsg2-7.1build3) ...
Selecting previously unselected package libpcl-dev.
Preparing to unpack .../321-libpcl-dev_1.14.0+dfsg-1_amd64.deb ...
Unpacking libpcl-dev (1.14.0+dfsg-1) ...
Setting up libgme0:amd64 (0.6.3-7build1) ...
Setting up libchromaprint1:amd64 (1.5.1-5) ...
Setting up libssh-gcrypt-4:amd64 (0.10.6-2ubuntu0.4) ...
Setting up libhwy1t64:amd64 (1.0.7-8.1build1) ...
Setting up libqt5quickshapes5:amd64 (5.15.13+dfsg-1ubuntu0.1) ...
Setting up libtbbmalloc2:amd64 (2021.11.0-2ubuntu2) ...
Setting up libudfread0:amd64 (1.1.2-1build1) ...
Setting up libnorm1t64:amd64 (1.5.9+dfsg-3.1build1) ...
Setting up libimath-dev:amd64 (3.1.9-3.1ubuntu2) ...
Setting up libaom3:amd64 (3.8.2-2ubuntu0.1) ...
Setting up libjsoncpp-dev:amd64 (1.9.5-6build1) ...
Setting up mysql-common (5.8+1.1.0build1) ...
update-alternatives: using /etc/mysql/my.cnf.fallback to provide /etc/mysql/my.cnf (my.cnf) in auto mode
Setting up libprotobuf32t64:amd64 (3.21.12-8.2ubuntu0.3) ...
Setting up librabbitmq4:amd64 (0.11.0-1ubuntu0.1) ...
Setting up libmysqlclient21:amd64 (8.0.46-0ubuntu0.24.04.3) ...
Setting up libqt5quicktest5:amd64 (5.15.13+dfsg-1ubuntu0.1) ...
Setting up libraw1394-11:amd64 (2.1.2-2build3) ...
Setting up libxft2:amd64 (2.3.6-1build1) ...
Setting up libopenni2-0:amd64 (2.2.0.33+dfsg-18) ...
Setting up libogg0:amd64 (1.3.5-3build1) ...
Setting up libzstd-dev:amd64 (1.5.5+dfsg2-2build1.1) ...
Setting up libspeex1:amd64 (1.2.1-2ubuntu2.24.04.1) ...
Setting up proj-data (9.4.0-1build2) ...
Setting up libshine3:amd64 (3.1.1-2build1) ...
Setting up libvpl2 (2023.3.0-1build1) ...
Setting up hdf5-helpers (1.10.10+repack-3.1ubuntu4) ...
Setting up libllvm15t64:amd64 (1:15.0.7-14build3) ...
Setting up libx264-164:amd64 (2:0.164.3108+git31e19f9-1) ...
Setting up libtwolame0:amd64 (0.4.0-2build3) ...
Setting up libmbedcrypto7t64:amd64 (2.28.8-1) ...
Setting up java-common (0.75+exp1) ...
Setting up libwoff1:amd64 (1.0.2-2build1) ...
Setting up libhyphen0:amd64 (2.8.8-7build3) ...
Setting up libproj25:amd64 (9.4.0-1build2) ...
Setting up libpoppler134:amd64 (24.02.0-1ubuntu9.9) ...
Setting up libgsm1:amd64 (1.0.22-1build1) ...
Setting up libcharls2:amd64 (2.4.2-2build2) ...
Setting up libgeos3.12.1t64:amd64 (3.12.1-3build1) ...
Setting up libsoxr0:amd64 (0.1.3-4build3) ...
Setting up qtdeclarative5-dev-tools (5.15.13+dfsg-1ubuntu0.1) ...
Setting up libjson-c-dev:amd64 (0.17-1build1) ...
Setting up libtirpc-common (1.3.4+ds-1.1build1) ...
Setting up libcodec2-1.2:amd64 (1.2.0-2build1) ...
Setting up libgeos-c1t64:amd64 (3.12.1-3build1) ...
Setting up tcl8.6-dev:amd64 (8.6.14+dfsg-1build1) ...
Setting up libraw1394-dev:amd64 (2.1.2-2build3) ...
Setting up libpq5:amd64 (16.14-0ubuntu0.24.04.1) ...
Setting up libjbig-dev:amd64 (2.1-6.1ubuntu2) ...
Setting up libwebpdecoder3:amd64 (1.3.2-0.4build3) ...
Setting up libusb-1.0-0-dev:amd64 (2:1.0.27-1) ...
Setting up qhelpgenerator-qt5 (5.15.13-1) ...
Setting up libpq-dev (16.14-0ubuntu0.24.04.1) ...
Setting up libsvtav1enc1d1:amd64 (1.7.0+dfsg-2build1) ...
Setting up libqt5designercomponents5:amd64 (5.15.13-1) ...
Setting up libogg-dev:amd64 (1.3.5-3build1) ...
Setting up libmpg123-0t64:amd64 (1.32.5-1ubuntu1.1) ...
Setting up libxerces-c3.2t64:amd64 (3.2.4+debian-1.2ubuntu2) ...
Setting up python3-mpi4py (3.1.5-5ubuntu2) ...
Setting up libcjson1:amd64 (1.7.17-1) ...
Setting up libxvidcore4:amd64 (2:1.3.7-1build1) ...
Setting up librav1e0:amd64 (0.7.1-2) ...
Setting up libaec0:amd64 (1.1.2-1build1) ...
Setting up gdal-data (3.8.4+dfsg-3ubuntu3) ...
Setting up libgl2ps1.4 (1.4.2+dfsg1-2build1) ...
Setting up libgeotiff5:amd64 (1.7.1-5build1) ...
Setting up qt5-qmltooling-plugins:amd64 (5.15.13+dfsg-1ubuntu0.1) ...
Setting up liborc-0.4-0t64:amd64 (1:0.4.38-1ubuntu0.1) ...
Setting up libtbbbind-2-5:amd64 (2021.11.0-2ubuntu2) ...
Setting up libqt5qmlworkerscript5:amd64 (5.15.13+dfsg-1ubuntu0.1) ...
Setting up libaom-dev:amd64 (3.8.2-2ubuntu0.1) ...
Setting up librist4:amd64 (0.2.10+dfsg-2) ...
Setting up libminizip-dev:amd64 (1:1.3.dfsg-3.1ubuntu2.1) ...
Setting up libpgm-5.3-0t64:amd64 (5.3.128~dfsg-2.1build1) ...
Setting up libxml2-dev:amd64 (2.9.14+dfsg-1.3ubuntu3.8) ...
Setting up libpcre2-32-0:amd64 (10.42-4ubuntu2.1) ...
Setting up libblas3:amd64 (3.12.0-3build1.1) ...
update-alternatives: using /usr/lib/x86_64-linux-gnu/blas/libblas.so.3 to provide /usr/lib/x86_64-linux-gnu/libblas.so.3 (libblas.so.3-x86_64-linux-gnu) in auto mode
Setting up libopenexr-dev (3.1.5-5.1build3) ...
Setting up libutfcpp-dev (3.2.5+really3.2.4-1) ...
Setting up libcfitsio10t64:amd64 (4.3.1-1.1build2) ...
Setting up libva2:amd64 (2.20.0-2ubuntu0.2) ...
Setting up libsqlite3-dev:amd64 (3.45.1-1ubuntu2.7) ...
Setting up libpcl-common1.14:amd64 (1.14.0+dfsg-1) ...
Setting up libpcl-people1.14:amd64 (1.14.0+dfsg-1) ...
Setting up libopenjp2-7-dev:amd64 (2.5.0-2ubuntu0.5) ...
Setting up libcurl4-openssl-dev:amd64 (8.5.0-2ubuntu10.11) ...
Setting up libxerces-c-dev:amd64 (3.2.4+debian-1.2ubuntu2) ...
Setting up libgeos-dev (3.12.1-3build1) ...
Setting up libexif12:amd64 (0.6.24-1ubuntu0.24.04.1) ...
Setting up qtattributionsscanner-qt5 (5.15.13-1) ...
Setting up libdc1394-25:amd64 (2.2.6-4build1) ...
Setting up libvorbis0a:amd64 (1.3.7-1build3) ...
Setting up libflann1.9:amd64 (1.9.2+dfsg-2build1) ...
Setting up liblz4-dev:amd64 (1.9.4-1build1.1) ...
Setting up unixodbc-common (2.3.12-1ubuntu0.24.04.1) ...
Setting up libsocket++1:amd64 (1.12.13+git20131030.5d039ba-1build1) ...
Setting up libclang1-15t64 (1:15.0.7-14build3) ...
Setting up liblerc-dev:amd64 (4.0.0+ds-4ubuntu2) ...
Setting up libjxl0.7:amd64 (0.7.0-10.2ubuntu6.1) ...
Setting up libtinyxml2.6.2v5:amd64 (2.6.2-6.1) ...
Setting up libpcl-ml1.14:amd64 (1.14.0+dfsg-1) ...
Setting up libdouble-conversion-dev:amd64 (3.3.0-1build1) ...
Setting up tcl-dev:amd64 (8.6.14build1) ...
Setting up libx265-199:amd64 (3.5-2build1) ...
Setting up liblzma-dev:amd64 (5.6.1+really5.4.5-1ubuntu0.3) ...
Setting up libgif7:amd64 (5.2.2-1ubuntu1.2) ...
Setting up libodbc2:amd64 (2.3.12-1ubuntu0.24.04.1) ...
Setting up liburiparser1:amd64 (0.9.7+dfsg-2build1) ...
Setting up libpcre2-posix3:amd64 (10.42-4ubuntu2.1) ...
Setting up libfyba0t64:amd64 (4.1.1-11build1) ...
Setting up librttopo1:amd64 (1.1.0-3build2) ...
Setting up libsrt1.5-gnutls:amd64 (1.5.3-1build2) ...
Setting up libdav1d7:amd64 (1.4.1-1build1) ...
Setting up libfreexl1:amd64 (2.0.0-1build2) ...
Setting up libva-drm2:amd64 (2.20.0-2ubuntu0.2) ...
Setting up libgif-dev:amd64 (5.2.2-1ubuntu1.2) ...
Setting up libvdpau1:amd64 (1.5-2build1) ...
Setting up libtheora0:amd64 (1.1.1+dfsg.1-16.1build3) ...
Setting up libblosc1:amd64 (1.21.5+ds-1build1) ...
Setting up libopenni2-dev:amd64 (2.2.0.33+dfsg-18) ...
Setting up libpcap0.8t64:amd64 (1.10.4-4.1ubuntu3) ...
Setting up libgphoto2-port12t64:amd64 (2.5.31-2.1ubuntu1.1) ...
Setting up libxss1:amd64 (1:1.2.3-1build3) ...
Setting up libqt5quickparticles5:amd64 (5.15.13+dfsg-1ubuntu0.1) ...
Setting up ca-certificates-java (20240118) ...
No JRE found. Skipping Java certificates setup.
Setting up libqt5sensors5:amd64 (5.15.13-1) ...
Setting up libpcl-kdtree1.14:amd64 (1.14.0+dfsg-1) ...
Setting up libbluray2:amd64 (1:1.3.4-1build1) ...
Setting up libde265-0:amd64 (1.0.15-1ubuntu0.1) ...
Setting up libsharpyuv-dev:amd64 (1.3.2-0.4build3) ...
Setting up libkmlbase1t64:amd64 (1.3.0-12build1) ...
Setting up libva-x11-2:amd64 (2.20.0-2ubuntu0.2) ...
Setting up libtiffxx6:amd64 (4.5.1+git230720-4ubuntu2.5) ...
Setting up libdeflate-dev:amd64 (1.19-1build1.1) ...
Setting up libpcl-sample-consensus1.14:amd64 (1.14.0+dfsg-1) ...
Setting up libzvbi-common (0.2.42-2) ...
Setting up libpcl-stereo1.14:amd64 (1.14.0+dfsg-1) ...
Setting up libmp3lame0:amd64 (3.100-6build1) ...
Setting up libblas-dev:amd64 (3.12.0-3build1.1) ...
update-alternatives: using /usr/lib/x86_64-linux-gnu/blas/libblas.so to provide /usr/lib/x86_64-linux-gnu/libblas.so (libblas.so-x86_64-linux-gnu) in auto mode
Setting up libsz2:amd64 (1.1.2-1build1) ...
Setting up libmysqlclient-dev (8.0.46-0ubuntu0.24.04.3) ...
Setting up libvorbisenc2:amd64 (1.3.7-1build3) ...
Setting up libodbccr2:amd64 (2.3.12-1ubuntu0.24.04.1) ...
Setting up libxft-dev:amd64 (2.3.6-1build1) ...
Setting up gdal-plugins:amd64 (3.8.4+dfsg-3ubuntu3) ...
Setting up libspatialite8t64:amd64 (5.1.0-3build1) ...
Setting up default-libmysqlclient-dev:amd64 (1.1.0build1) ...
Setting up libpoppler-dev:amd64 (24.02.0-1ubuntu9.9) ...
Setting up libgdcm3.0t64:amd64 (3.0.22-2.1ubuntu1) ...
Setting up librttopo-dev:amd64 (1.1.0-3build2) ...
Setting up libodbcinst2:amd64 (2.3.12-1ubuntu0.24.04.1) ...
Setting up libexif-dev:amd64 (0.6.24-1ubuntu0.24.04.1) ...
Setting up liblapack3:amd64 (3.12.0-3build1.1) ...
update-alternatives: using /usr/lib/x86_64-linux-gnu/lapack/liblapack.so.3 to provide /usr/lib/x86_64-linux-gnu/liblapack.so.3 (liblapack.so.3-x86_64-linux-gnu) in auto mode
Setting up libgdcm-dev (3.0.22-2.1ubuntu1) ...
Setting up libpcl-outofcore1.14:amd64 (1.14.0+dfsg-1) ...
Setting up libkmlxsd1t64:amd64 (1.3.0-12build1) ...
Setting up libarpack2t64:amd64 (3.9.1-1.1build2) ...
Setting up libcfitsio-dev:amd64 (4.3.1-1.1build2) ...
Setting up libzmq5:amd64 (4.3.5-1build2) ...
Setting up openjdk-21-jre-headless:amd64 (21.0.11+10-1~24.04.2) ...
update-alternatives: using /usr/lib/jvm/java-21-openjdk-amd64/bin/java to provide /usr/bin/java (java) in auto mode
update-alternatives: using /usr/lib/jvm/java-21-openjdk-amd64/bin/jpackage to provide /usr/bin/jpackage (jpackage) in auto mode
update-alternatives: using /usr/lib/jvm/java-21-openjdk-amd64/bin/keytool to provide /usr/bin/keytool (keytool) in auto mode
update-alternatives: using /usr/lib/jvm/java-21-openjdk-amd64/bin/rmiregistry to provide /usr/bin/rmiregistry (rmiregistry) in auto mode
update-alternatives: using /usr/lib/jvm/java-21-openjdk-amd64/lib/jexec to provide /usr/bin/jexec (jexec) in auto mode
Setting up libpcre2-dev:amd64 (10.42-4ubuntu2.1) ...
Setting up libzvbi0t64:amd64 (0.2.42-2) ...
Setting up libtirpc3t64:amd64 (1.3.4+ds-1.1build1) ...
Setting up libdc1394-dev:amd64 (2.2.6-4build1) ...
Setting up libogdi4.1:amd64 (4.1.1+ds-3build1) ...
Setting up libblosc-dev:amd64 (1.21.5+ds-1build1) ...
Setting up libfreexl-dev:amd64 (2.0.0-1build2) ...
Setting up qdoc-qt5 (5.15.13-1) ...
Setting up libfyba-dev:amd64 (4.1.1-11build1) ...
Setting up libtk8.6:amd64 (8.6.14-1build1) ...
Setting up libpoppler-private-dev:amd64 (24.02.0-1ubuntu9.9) ...
Setting up libaec-dev:amd64 (1.1.2-1build1) ...
Setting up libgstreamer-plugins-base1.0-0:amd64 (1.24.2-1ubuntu0.4) ...
Setting up libavutil58:amd64 (7:6.1.1-3ubuntu5) ...
Setting up libtbb12:amd64 (2021.11.0-2ubuntu2) ...
Setting up libqt5webkit5:amd64 (5.212.0~alpha4-36) ...
Setting up libsuperlu6:amd64 (6.0.1+dfsg1-1build1) ...
Setting up libgl2ps-dev (1.4.2+dfsg1-2build1) ...
Setting up libxss-dev:amd64 (1:1.2.3-1build3) ...
Setting up libhdf5-openmpi-103-1t64:amd64 (1.10.10+repack-3.1ubuntu4) ...
Setting up liblept5:amd64 (1.82.0-3build4) ...
Setting up libopenni0t64 (1.5.4.0+dfsg-7.1build1) ...
Setting up liburiparser-dev (0.9.7+dfsg-2build1) ...
Setting up libkmldom1t64:amd64 (1.3.0-12build1) ...
Setting up libpcl-octree1.14:amd64 (1.14.0+dfsg-1) ...
Setting up libvorbisfile3:amd64 (1.3.7-1build3) ...
Setting up libwebp-dev:amd64 (1.3.2-0.4build3) ...
Setting up libtirpc-dev:amd64 (1.3.4+ds-1.1build1) ...
Setting up libtheora-dev:amd64 (1.1.1+dfsg.1-16.1build3) ...
Setting up libtiff-dev:amd64 (4.5.1+git230720-4ubuntu2.5) ...
Setting up libde265-dev:amd64 (1.0.15-1ubuntu0.1) ...
Setting up libswresample4:amd64 (7:6.1.1-3ubuntu5) ...
Setting up libdav1d-dev:amd64 (1.4.1-1build1) ...
Setting up libx265-dev:amd64 (3.5-2build1) ...
Setting up liblapack-dev:amd64 (3.12.0-3build1.1) ...
update-alternatives: using /usr/lib/x86_64-linux-gnu/lapack/liblapack.so to provide /usr/lib/x86_64-linux-gnu/liblapack.so (liblapack.so-x86_64-linux-gnu) in auto mode
Setting up libproj-dev:amd64 (9.4.0-1build2) ...
Setting up libspatialite-dev:amd64 (5.1.0-3build1) ...
Setting up libhdf4-0-alt:amd64 (4.2.16-4build1) ...
Setting up libavcodec60:amd64 (7:6.1.1-3ubuntu5) ...
Setting up qt5-assistant (5.15.13-1) ...
Setting up libtesseract5:amd64 (5.3.4-1build5) ...
Setting up qttools5-dev-tools (5.15.13-1) ...
Setting up qtdeclarative5-dev:amd64 (5.15.13+dfsg-1ubuntu0.1) ...
Setting up libhdf5-openmpi-fortran-102t64:amd64 (1.10.10+repack-3.1ubuntu4) ...
Setting up libhdf5-openmpi-cpp-103-1t64:amd64 (1.10.10+repack-3.1ubuntu4) ...
Setting up libtbb-dev:amd64 (2021.11.0-2ubuntu2) ...
Setting up libhdf5-103-1t64:amd64 (1.10.10+repack-3.1ubuntu4) ...
Setting up libsuperlu-dev:amd64 (6.0.1+dfsg1-1build1) ...
Setting up libpcl-search1.14:amd64 (1.14.0+dfsg-1) ...
Setting up libogdi-dev (4.1.1+ds-3build1) ...
Setting up libopencv-core406t64:amd64 (4.6.0+dfsg-13.1ubuntu1) ...
Setting up unixodbc-dev:amd64 (2.3.12-1ubuntu0.24.04.1) ...
Setting up libopenmpt0t64:amd64 (0.7.3-1.1build3) ...
Setting up libarmadillo12 (1:12.6.7+dfsg-1build2) ...
Setting up libswscale7:amd64 (7:6.1.1-3ubuntu5) ...
Setting up libavutil-dev:amd64 (7:6.1.1-3ubuntu5) ...
Setting up tk8.6 (8.6.14-1build1) ...
Setting up libhdf5-hl-100t64:amd64 (1.10.10+repack-3.1ubuntu4) ...
Setting up libnetcdf19t64:amd64 (1:4.9.2-5ubuntu4) ...
Setting up libarpack2-dev:amd64 (3.9.1-1.1build2) ...
Setting up libgeotiff-dev:amd64 (1.7.1-5build1) ...
Setting up libswresample-dev:amd64 (7:6.1.1-3ubuntu5) ...
Setting up libavcodec-dev:amd64 (7:6.1.1-3ubuntu5) ...
Setting up libhdf5-cpp-103-1t64:amd64 (1.10.10+repack-3.1ubuntu4) ...
Setting up libopenni-dev:amd64 (1.5.4.0+dfsg-7.1build1) ...
Setting up libhdf5-fortran-102t64:amd64 (1.10.10+repack-3.1ubuntu4) ...
Setting up libopencv-flann406t64:amd64 (4.6.0+dfsg-13.1ubuntu1) ...
Setting up libhdf5-openmpi-hl-100t64:amd64 (1.10.10+repack-3.1ubuntu4) ...
Setting up libavformat60:amd64 (7:6.1.1-3ubuntu5) ...
Setting up libkmlengine1t64:amd64 (1.3.0-12build1) ...
Setting up libqt5webkit5-dev:amd64 (5.212.0~alpha4-36) ...
Setting up libhdf5-openmpi-hl-fortran-100t64:amd64 (1.10.10+repack-3.1ubuntu4) ...
Setting up libpcl-filters1.14:amd64 (1.14.0+dfsg-1) ...
Setting up libopencv-ml406t64:amd64 (4.6.0+dfsg-13.1ubuntu1) ...
Setting up libpcl-registration1.14:amd64 (1.14.0+dfsg-1) ...
Setting up libswscale-dev:amd64 (7:6.1.1-3ubuntu5) ...
Setting up qttools5-dev:amd64 (5.15.13-1) ...
Setting up libopencv-imgproc406t64:amd64 (4.6.0+dfsg-13.1ubuntu1) ...
Setting up tk8.6-dev:amd64 (8.6.14-1build1) ...
Setting up libopencv-core-dev:amd64 (4.6.0+dfsg-13.1ubuntu1) ...
Setting up libvtk9.1t64:amd64 (9.1.0+really9.1.0+dfsg2-7.1build3) ...
Setting up libhdf5-openmpi-hl-cpp-100t64:amd64 (1.10.10+repack-3.1ubuntu4) ...
Setting up libkmlconvenience1t64:amd64 (1.3.0-12build1) ...
Setting up libhdf5-hl-cpp-100t64:amd64 (1.10.10+repack-3.1ubuntu4) ...
Setting up libhdf5-openmpi-dev (1.10.10+repack-3.1ubuntu4) ...
update-alternatives: using /usr/bin/h5pcc.openmpi to provide /usr/bin/h5pcc (h5pcc) in auto mode
update-alternatives: warning: skip creation of /usr/share/man/man1/h5pcc.1.gz because associated file /usr/share/man/man1/h5pcc.openmpi.1.gz (of link group h5pcc) doesn't exist
update-alternatives: warning: skip creation of /usr/share/man/man1/h5pfc.1.gz because associated file /usr/share/man/man1/h5pfc.openmpi.1.gz (of link group h5pcc) doesn't exist
update-alternatives: using /usr/lib/x86_64-linux-gnu/pkgconfig/hdf5-openmpi.pc to provide /usr/lib/x86_64-linux-gnu/pkgconfig/hdf5.pc (hdf5.pc) in auto mode
update-alternatives: updating alternative /usr/bin/mpicc.openmpi because link group mpi has changed slave links
update-alternatives: warning: skip creation of /usr/share/man/man1/mpiCC.1.gz because associated file /usr/share/man/man1/mpiCC.openmpi.1.gz (of link group mpi) doesn't exist
update-alternatives: warning: skip creation of /usr/share/man/man1/mpic++.1.gz because associated file /usr/share/man/man1/mpic++.openmpi.1.gz (of link group mpi) doesn't exist
update-alternatives: warning: skip creation of /usr/share/man/man1/mpicc.1.gz because associated file /usr/share/man/man1/mpicc.openmpi.1.gz (of link group mpi) doesn't exist
update-alternatives: warning: skip creation of /usr/share/man/man1/mpicxx.1.gz because associated file /usr/share/man/man1/mpicxx.openmpi.1.gz (of link group mpi) doesn't exist
update-alternatives: warning: skip creation of /usr/share/man/man1/mpif77.1.gz because associated file /usr/share/man/man1/mpif77.openmpi.1.gz (of link group mpi) doesn't exist
update-alternatives: warning: skip creation of /usr/share/man/man1/mpif90.1.gz because associated file /usr/share/man/man1/mpif90.openmpi.1.gz (of link group mpi) doesn't exist
update-alternatives: warning: skip creation of /usr/share/man/man1/mpifort.1.gz because associated file /usr/share/man/man1/mpifort.openmpi.1.gz (of link group mpi) doesn't exist
update-alternatives: using /usr/lib/x86_64-linux-gnu/pkgconfig/hdf5-mpi.pc to provide /usr/lib/x86_64-linux-gnu/pkgconfig/hdf5.pc (hdf5.pc) in auto mode
Setting up tk (8.6.14build1) ...
Setting up qttools5-private-dev:amd64 (5.15.13-1) ...
Setting up libopencv-flann-dev:amd64 (4.6.0+dfsg-13.1ubuntu1) ...
Setting up libopencv-ml-dev:amd64 (4.6.0+dfsg-13.1ubuntu1) ...
Setting up libopencv-dnn406t64:amd64 (4.6.0+dfsg-13.1ubuntu1) ...
Setting up libkmlregionator1t64:amd64 (1.3.0-12build1) ...
Setting up libpcl-tracking1.14:amd64 (1.14.0+dfsg-1) ...
Setting up libopencv-features2d406t64:amd64 (4.6.0+dfsg-13.1ubuntu1) ...
Setting up libhdf5-hl-fortran-100t64:amd64 (1.10.10+repack-3.1ubuntu4) ...
Setting up libopencv-photo406t64:amd64 (4.6.0+dfsg-13.1ubuntu1) ...
Setting up libavformat-dev:amd64 (7:6.1.1-3ubuntu5) ...
Setting up libpcl-features1.14:amd64 (1.14.0+dfsg-1) ...
Setting up libpcl-surface1.14:amd64 (1.14.0+dfsg-1) ...
Setting up libpcl-io1.14:amd64 (1.14.0+dfsg-1) ...
Setting up tk-dev:amd64 (8.6.14build1) ...
Setting up libopencv-imgproc-dev:amd64 (4.6.0+dfsg-13.1ubuntu1) ...
Setting up libopencv-viz406t64:amd64 (4.6.0+dfsg-13.1ubuntu1) ...
Setting up libopencv-dnn-dev:amd64 (4.6.0+dfsg-13.1ubuntu1) ...
Setting up libhdf5-mpi-dev (1.10.10+repack-3.1ubuntu4) ...
Setting up libhdf5-dev (1.10.10+repack-3.1ubuntu4) ...
Setting up libopencv-viz-dev:amd64 (4.6.0+dfsg-13.1ubuntu1) ...
Setting up libnetcdf-dev (1:4.9.2-5ubuntu4) ...
Setting up libvtk9.1t64-qt:amd64 (9.1.0+really9.1.0+dfsg2-7.1build3) ...
Setting up libvtk9-java (9.1.0+really9.1.0+dfsg2-7.1build3) ...
Setting up vtk9 (9.1.0+really9.1.0+dfsg2-7.1build3) ...
Setting up libpcl-keypoints1.14:amd64 (1.14.0+dfsg-1) ...
Setting up libopencv-calib3d406t64:amd64 (4.6.0+dfsg-13.1ubuntu1) ...
Setting up libpcl-segmentation1.14:amd64 (1.14.0+dfsg-1) ...
Setting up libkml-dev:amd64 (1.3.0-12build1) ...
Setting up libpcl-recognition1.14:amd64 (1.14.0+dfsg-1) ...
Setting up libopencv-video406t64:amd64 (4.6.0+dfsg-13.1ubuntu1) ...
Setting up python3-vtk9 (9.1.0+really9.1.0+dfsg2-7.1build3) ...
/usr/lib/python3/dist-packages/vtkmodules/util/vtkMethodParser.py:304: SyntaxWarning: invalid escape sequence '\S'
  patn = re.compile ("  \S")
Setting up libpcl-visualization1.14:amd64 (1.14.0+dfsg-1) ...
Setting up libopencv-photo-dev:amd64 (4.6.0+dfsg-13.1ubuntu1) ...
Setting up libopencv-stitching406t64:amd64 (4.6.0+dfsg-13.1ubuntu1) ...
Setting up libflann-dev:amd64 (1.9.2+dfsg-2build1) ...
Setting up libarmadillo-dev (1:12.6.7+dfsg-1build2) ...
Setting up libhdf4-alt-dev (4.2.16-4build1) ...
Setting up libpcl-apps1.14:amd64 (1.14.0+dfsg-1) ...
Setting up libopencv-objdetect406t64:amd64 (4.6.0+dfsg-13.1ubuntu1) ...
Setting up libopencv-video-dev:amd64 (4.6.0+dfsg-13.1ubuntu1) ...
Setting up libopencv-shape406t64:amd64 (4.6.0+dfsg-13.1ubuntu1) ...
Setting up libopencv-shape-dev:amd64 (4.6.0+dfsg-13.1ubuntu1) ...
Setting up libheif-plugin-aomdec:amd64 (1.17.6-1ubuntu4.6) ...
Setting up libheif1:amd64 (1.17.6-1ubuntu4.6) ...
Setting up libheif-dev:amd64 (1.17.6-1ubuntu4.6) ...
Setting up libgdal34t64:amd64 (3.8.4+dfsg-3ubuntu3) ...
Setting up libgd3:amd64 (2.3.3-9ubuntu5) ...
Setting up libgdal-dev (3.8.4+dfsg-3ubuntu3) ...
Setting up libopencv-imgcodecs406t64:amd64 (4.6.0+dfsg-13.1ubuntu1) ...
Setting up libopencv-imgcodecs-dev:amd64 (4.6.0+dfsg-13.1ubuntu1) ...
Setting up libopencv-highgui406t64:amd64 (4.6.0+dfsg-13.1ubuntu1) ...
Setting up libgphoto2-6t64:amd64 (2.5.31-2.1ubuntu1.1) ...
No diversion 'diversion of /lib/udev/hwdb.d/20-libgphoto2-6.hwdb to /lib/udev/hwdb.d/20-libgphoto2-6.hwdb.usr-is-merged by usr-is-merged', none removed.
No diversion 'diversion of /lib/udev/rules.d/60-libgphoto2-6.rules to /lib/udev/rules.d/60-libgphoto2-6.rules.usr-is-merged by usr-is-merged', none removed.
Setting up libopencv-videoio406t64:amd64 (4.6.0+dfsg-13.1ubuntu1) ...
Setting up libgphoto2-dev:amd64 (2.5.31-2.1ubuntu1.1) ...
Setting up libopencv-contrib406t64:amd64 (4.6.0+dfsg-13.1ubuntu1) ...
Setting up libopencv-superres406t64:amd64 (4.6.0+dfsg-13.1ubuntu1) ...
Setting up libopencv-videostab406t64:amd64 (4.6.0+dfsg-13.1ubuntu1) ...
Setting up libopencv-videoio-dev:amd64 (4.6.0+dfsg-13.1ubuntu1) ...
Setting up libopencv-superres-dev:amd64 (4.6.0+dfsg-13.1ubuntu1) ...
Setting up libopencv-highgui-dev:amd64 (4.6.0+dfsg-13.1ubuntu1) ...
Setting up libopencv-features2d-dev:amd64 (4.6.0+dfsg-13.1ubuntu1) ...
Setting up libopencv-calib3d-dev:amd64 (4.6.0+dfsg-13.1ubuntu1) ...
Setting up libopencv-objdetect-dev:amd64 (4.6.0+dfsg-13.1ubuntu1) ...
Setting up libopencv-videostab-dev:amd64 (4.6.0+dfsg-13.1ubuntu1) ...
Setting up libopencv-stitching-dev:amd64 (4.6.0+dfsg-13.1ubuntu1) ...
Setting up libopencv-contrib-dev:amd64 (4.6.0+dfsg-13.1ubuntu1) ...
Setting up libopencv-dev (4.6.0+dfsg-13.1ubuntu1) ...
Processing triggers for hicolor-icon-theme (0.17-2) ...
Processing triggers for libc-bin (2.39-0ubuntu8.8) ...
Processing triggers for udev (255.4-1ubuntu8.16) ...
Processing triggers for ca-certificates-java (20240118) ...
Adding debian:ACCVRAIZ1.pem
Adding debian:AC_RAIZ_FNMT-RCM.pem
Adding debian:AC_RAIZ_FNMT-RCM_SERVIDORES_SEGUROS.pem
Adding debian:ANF_Secure_Server_Root_CA.pem
Adding debian:Actalis_Authentication_Root_CA.pem
Adding debian:Amazon_Root_CA_1.pem
Adding debian:Amazon_Root_CA_2.pem
Adding debian:Amazon_Root_CA_3.pem
Adding debian:Amazon_Root_CA_4.pem
Adding debian:Atos_TrustedRoot_2011.pem
Adding debian:Atos_TrustedRoot_Root_CA_ECC_TLS_2021.pem
Adding debian:Atos_TrustedRoot_Root_CA_RSA_TLS_2021.pem
Adding debian:Autoridad_de_Certificacion_Firmaprofesional_CIF_A62634068.pem
Adding debian:BJCA_Global_Root_CA1.pem
Adding debian:BJCA_Global_Root_CA2.pem
Adding debian:Buypass_Class_2_Root_CA.pem
Adding debian:Buypass_Class_3_Root_CA.pem
Adding debian:CA_Disig_Root_R2.pem
Adding debian:CFCA_EV_ROOT.pem
Adding debian:COMODO_ECC_Certification_Authority.pem
Adding debian:COMODO_RSA_Certification_Authority.pem
Adding debian:Certainly_Root_E1.pem
Adding debian:Certainly_Root_R1.pem
Adding debian:Certigna_Root_CA.pem
Adding debian:Certum_EC-384_CA.pem
Adding debian:Certum_Trusted_Network_CA.pem
Adding debian:Certum_Trusted_Network_CA_2.pem
Adding debian:Certum_Trusted_Root_CA.pem
Adding debian:D-TRUST_BR_Root_CA_1_2020.pem
Adding debian:D-TRUST_BR_Root_CA_2_2023.pem
Adding debian:D-TRUST_EV_Root_CA_1_2020.pem
Adding debian:D-TRUST_EV_Root_CA_2_2023.pem
Adding debian:D-TRUST_Root_Class_3_CA_2_2009.pem
Adding debian:D-TRUST_Root_Class_3_CA_2_EV_2009.pem
Adding debian:DigiCert_Assured_ID_Root_G2.pem
Adding debian:DigiCert_Assured_ID_Root_G3.pem
Adding debian:DigiCert_Global_Root_G2.pem
Adding debian:DigiCert_Global_Root_G3.pem
Adding debian:DigiCert_TLS_ECC_P384_Root_G5.pem
Adding debian:DigiCert_TLS_RSA4096_Root_G5.pem
Adding debian:DigiCert_Trusted_Root_G4.pem
Adding debian:Entrust_Root_Certification_Authority.pem
Adding debian:GDCA_TrustAUTH_R5_ROOT.pem
Adding debian:GTS_Root_R1.pem
Adding debian:GTS_Root_R3.pem
Adding debian:GTS_Root_R4.pem
Adding debian:GlobalSign_ECC_Root_CA_-_R4.pem
Adding debian:GlobalSign_ECC_Root_CA_-_R5.pem
Adding debian:GlobalSign_Root_CA_-_R3.pem
Adding debian:GlobalSign_Root_CA_-_R6.pem
Adding debian:GlobalSign_Root_E46.pem
Adding debian:GlobalSign_Root_R46.pem
Adding debian:Go_Daddy_Root_Certificate_Authority_-_G2.pem
Adding debian:HARICA_TLS_ECC_Root_CA_2021.pem
Adding debian:HARICA_TLS_RSA_Root_CA_2021.pem
Adding debian:Hellenic_Academic_and_Research_Institutions_ECC_RootCA_2015.pem
Adding debian:Hellenic_Academic_and_Research_Institutions_RootCA_2015.pem
Adding debian:HiPKI_Root_CA_-_G1.pem
Adding debian:Hongkong_Post_Root_CA_3.pem
Adding debian:ISRG_Root_X1.pem
Adding debian:ISRG_Root_X2.pem
Adding debian:IdenTrust_Commercial_Root_CA_1.pem
Adding debian:IdenTrust_Public_Sector_Root_CA_1.pem
Adding debian:Izenpe.com.pem
Adding debian:Microsec_e-Szigno_Root_CA_2009.pem
Adding debian:Microsoft_ECC_Root_Certificate_Authority_2017.pem
Adding debian:Microsoft_RSA_Root_Certificate_Authority_2017.pem
Adding debian:NAVER_Global_Root_Certification_Authority.pem
Adding debian:NetLock_Arany_=Class_Gold=_Főtanúsítvány.pem
Adding debian:OISTE_Server_Root_ECC_G1.pem
Adding debian:OISTE_Server_Root_RSA_G1.pem
Adding debian:OISTE_WISeKey_Global_Root_GB_CA.pem
Adding debian:OISTE_WISeKey_Global_Root_GC_CA.pem
Adding debian:QuoVadis_Root_CA_1_G3.pem
Adding debian:QuoVadis_Root_CA_2_G3.pem
Adding debian:QuoVadis_Root_CA_3_G3.pem
Adding debian:SSL.com_EV_Root_Certification_Authority_ECC.pem
Adding debian:SSL.com_EV_Root_Certification_Authority_RSA_R2.pem
Adding debian:SSL.com_Root_Certification_Authority_ECC.pem
Adding debian:SSL.com_Root_Certification_Authority_RSA.pem
Adding debian:SSL.com_TLS_ECC_Root_CA_2022.pem
Adding debian:SSL.com_TLS_RSA_Root_CA_2022.pem
Adding debian:SZAFIR_ROOT_CA2.pem
Adding debian:Sectigo_Public_Server_Authentication_Root_E46.pem
Adding debian:Sectigo_Public_Server_Authentication_Root_R46.pem
Adding debian:SecureSign_Root_CA12.pem
Adding debian:SecureSign_Root_CA14.pem
Adding debian:SecureSign_Root_CA15.pem
Adding debian:Security_Communication_ECC_RootCA1.pem
Adding debian:Security_Communication_RootCA2.pem
Adding debian:Starfield_Root_Certificate_Authority_-_G2.pem
Adding debian:Starfield_Services_Root_Certificate_Authority_-_G2.pem
Adding debian:SwissSign_RSA_TLS_Root_CA_2022_-_1.pem
Adding debian:T-TeleSec_GlobalRoot_Class_2.pem
Adding debian:T-TeleSec_GlobalRoot_Class_3.pem
Adding debian:TUBITAK_Kamu_SM_SSL_Kok_Sertifikasi_-_Surum_1.pem
Adding debian:TWCA_CYBER_Root_CA.pem
Adding debian:TWCA_Global_Root_CA.pem
Adding debian:TWCA_Root_Certification_Authority.pem
Adding debian:Telekom_Security_TLS_ECC_Root_2020.pem
Adding debian:Telekom_Security_TLS_RSA_Root_2023.pem
Adding debian:Telia_Root_CA_v2.pem
Adding debian:TrustAsia_Global_Root_CA_G3.pem
Adding debian:TrustAsia_Global_Root_CA_G4.pem
Adding debian:TrustAsia_TLS_ECC_Root_CA.pem
Adding debian:TrustAsia_TLS_RSA_Root_CA.pem
Adding debian:TunTrust_Root_CA.pem
Adding debian:UCA_Extended_Validation_Root.pem
Adding debian:UCA_Global_G2_Root.pem
Adding debian:USERTrust_ECC_Certification_Authority.pem
Adding debian:USERTrust_RSA_Certification_Authority.pem
Adding debian:certSIGN_Root_CA_G2.pem
Adding debian:e-Szigno_Root_CA_2017.pem
Adding debian:e-Szigno_TLS_Root_CA_2023.pem
Adding debian:ePKI_Root_Certification_Authority.pem
Adding debian:emSign_ECC_Root_CA_-_C3.pem
Adding debian:emSign_ECC_Root_CA_-_G3.pem
Adding debian:emSign_Root_CA_-_C1.pem
Adding debian:emSign_Root_CA_-_G1.pem
Adding debian:vTrus_ECC_Root_CA.pem
Adding debian:vTrus_Root_CA.pem
done.
Setting up openjdk-21-jdk-headless:amd64 (21.0.11+10-1~24.04.2) ...
update-alternatives: using /usr/lib/jvm/java-21-openjdk-amd64/bin/jar to provide /usr/bin/jar (jar) in auto mode
update-alternatives: using /usr/lib/jvm/java-21-openjdk-amd64/bin/jarsigner to provide /usr/bin/jarsigner (jarsigner) in auto mode
update-alternatives: using /usr/lib/jvm/java-21-openjdk-amd64/bin/javac to provide /usr/bin/javac (javac) in auto mode
update-alternatives: using /usr/lib/jvm/java-21-openjdk-amd64/bin/javadoc to provide /usr/bin/javadoc (javadoc) in auto mode
update-alternatives: using /usr/lib/jvm/java-21-openjdk-amd64/bin/javap to provide /usr/bin/javap (javap) in auto mode
update-alternatives: using /usr/lib/jvm/java-21-openjdk-amd64/bin/jcmd to provide /usr/bin/jcmd (jcmd) in auto mode
update-alternatives: using /usr/lib/jvm/java-21-openjdk-amd64/bin/jdb to provide /usr/bin/jdb (jdb) in auto mode
update-alternatives: using /usr/lib/jvm/java-21-openjdk-amd64/bin/jdeprscan to provide /usr/bin/jdeprscan (jdeprscan) in auto mode
update-alternatives: using /usr/lib/jvm/java-21-openjdk-amd64/bin/jdeps to provide /usr/bin/jdeps (jdeps) in auto mode
update-alternatives: using /usr/lib/jvm/java-21-openjdk-amd64/bin/jfr to provide /usr/bin/jfr (jfr) in auto mode
update-alternatives: using /usr/lib/jvm/java-21-openjdk-amd64/bin/jimage to provide /usr/bin/jimage (jimage) in auto mode
update-alternatives: using /usr/lib/jvm/java-21-openjdk-amd64/bin/jinfo to provide /usr/bin/jinfo (jinfo) in auto mode
update-alternatives: using /usr/lib/jvm/java-21-openjdk-amd64/bin/jlink to provide /usr/bin/jlink (jlink) in auto mode
update-alternatives: using /usr/lib/jvm/java-21-openjdk-amd64/bin/jmap to provide /usr/bin/jmap (jmap) in auto mode
update-alternatives: using /usr/lib/jvm/java-21-openjdk-amd64/bin/jmod to provide /usr/bin/jmod (jmod) in auto mode
update-alternatives: using /usr/lib/jvm/java-21-openjdk-amd64/bin/jps to provide /usr/bin/jps (jps) in auto mode
update-alternatives: using /usr/lib/jvm/java-21-openjdk-amd64/bin/jrunscript to provide /usr/bin/jrunscript (jrunscript) in auto mode
update-alternatives: using /usr/lib/jvm/java-21-openjdk-amd64/bin/jshell to provide /usr/bin/jshell (jshell) in auto mode
update-alternatives: using /usr/lib/jvm/java-21-openjdk-amd64/bin/jstack to provide /usr/bin/jstack (jstack) in auto mode
update-alternatives: using /usr/lib/jvm/java-21-openjdk-amd64/bin/jstat to provide /usr/bin/jstat (jstat) in auto mode
update-alternatives: using /usr/lib/jvm/java-21-openjdk-amd64/bin/jstatd to provide /usr/bin/jstatd (jstatd) in auto mode
update-alternatives: using /usr/lib/jvm/java-21-openjdk-amd64/bin/jwebserver to provide /usr/bin/jwebserver (jwebserver) in auto mode
update-alternatives: using /usr/lib/jvm/java-21-openjdk-amd64/bin/serialver to provide /usr/bin/serialver (serialver) in auto mode
update-alternatives: using /usr/lib/jvm/java-21-openjdk-amd64/bin/jhsdb to provide /usr/bin/jhsdb (jhsdb) in auto mode
Setting up default-jre-headless (2:1.21-75+exp1) ...
Setting up openjdk-21-jre:amd64 (21.0.11+10-1~24.04.2) ...
Setting up default-jdk-headless (2:1.21-75+exp1) ...
Setting up default-jre (2:1.21-75+exp1) ...
Setting up openjdk-21-jdk:amd64 (21.0.11+10-1~24.04.2) ...
update-alternatives: using /usr/lib/jvm/java-21-openjdk-amd64/bin/jconsole to provide /usr/bin/jconsole (jconsole) in auto mode
Setting up default-jdk (2:1.21-75+exp1) ...
Setting up libvtk9-dev (9.1.0+really9.1.0+dfsg2-7.1build3) ...
Setting up libvtk9-qt-dev:amd64 (9.1.0+really9.1.0+dfsg2-7.1build3) ...
Setting up libpcl-dev (1.14.0+dfsg-1) ...
Building B2 engine..

###
###
### Using 'gcc' toolset.
###
###

g++ (Ubuntu 13.3.0-6ubuntu2~24.04.1) 13.3.0
Copyright (C) 2023 Free Software Foundation, Inc.
This is free software; see the source for copying conditions.  There is NO
warranty; not even for MERCHANTABILITY or FITNESS FOR A PARTICULAR PURPOSE.


###
###

> g++ -x c++ -std=c++11 -O2 -s -DNDEBUG builtins.cpp class.cpp command.cpp compile.cpp constants.cpp cwd.cpp debug.cpp debugger.cpp execcmd.cpp execnt.cpp execunix.cpp filesys.cpp filent.cpp fileunix.cpp frames.cpp function.cpp glob.cpp hash.cpp hcache.cpp hdrmacro.cpp headers.cpp jam_strings.cpp jam.cpp jamgram.cpp lists.cpp make.cpp make1.cpp md5.cpp mem.cpp modules.cpp native.cpp object.cpp option.cpp output.cpp parse.cpp pathnt.cpp pathsys.cpp pathunix.cpp regexp.cpp rules.cpp scan.cpp search.cpp startup.cpp subst.cpp sysinfo.cpp timestamp.cpp variable.cpp w32_getreg.cpp modules/order.cpp modules/path.cpp modules/property-set.cpp modules/regex.cpp modules/sequence.cpp modules/set.cpp -o b2
tools/build/src/engine/b2
Detecting Python version... 3.11
Detecting Python root... /usr
Unicode/ICU support for Boost.Regex?... /usr
Generating B2 configuration in project-config.jam for gcc...

Bootstrapping is done. To build, run:

    ./b2
    
To generate header files, run:

    ./b2 headers

The configuration generated uses gcc to build by default. If that is
unintended either use the --with-toolset option or adjust configuration, by
editing 'project-config.jam'.

Further information:

   - Command line help:
     ./b2 --help
     
   - Getting started guide: 
     http://www.boost.org/more/getting_started/unix-variants.html
     
   - B2 documentation:
     http://www.boost.org/build/

===== Boost project-config.jam =====
# B2 Configuration
# Automatically generated by bootstrap.sh

import option ;
import feature ;

# Compiler configuration. This definition will be used unless
# you already have defined some toolsets in your user-config.jam
# file.
if ! gcc in [ feature.values <toolset> ]
{
    using gcc ; 
}

project : default-build <toolset>gcc ;

# Python configuration
import python ;
if ! [ python.configured ]
{
    using python : 3.11 : "/usr" ;
}

path-constant ICU_PATH : /usr ;


# List of --with-<library> and --without-<library>
# options. If left empty, all libraries will be built.
# Options specified on the command line completely
# override this variable.
libraries =  --with-python ;

# These settings are equivalent to corresponding command-line
# options.
option.set prefix : /usr/local ;
option.set exec-prefix : /usr/local ;
option.set libdir : /usr/local/lib ;
option.set includedir : /usr/local/include ;

# Stop on first error
option.set keep-going : false ;
===== Building Boost.Python 3.11 only =====
notice: found boost-build.jam at /tmp/boost_1_83_0/boost-build.jam
notice: loading B2 from /tmp/boost_1_83_0/tools/build/src/kernel/bootstrap.jam
notice: Searching '/etc' '/root' '/tmp/boost_1_83_0/tools/build/src/kernel' '/tmp/boost_1_83_0/tools/build/src/util' '/tmp/boost_1_83_0/tools/build/src/build' '/tmp/boost_1_83_0/tools/build/src/tools' '/tmp/boost_1_83_0/tools/build/src/contrib' '/tmp/boost_1_83_0/tools/build/src/.' for site-config configuration file 'site-config.jam'.
notice: Configuration file 'site-config.jam' not found in '/etc' '/root' '/tmp/boost_1_83_0/tools/build/src/kernel' '/tmp/boost_1_83_0/tools/build/src/util' '/tmp/boost_1_83_0/tools/build/src/build' '/tmp/boost_1_83_0/tools/build/src/tools' '/tmp/boost_1_83_0/tools/build/src/contrib' '/tmp/boost_1_83_0/tools/build/src/.'.
notice: Searching '/root' '/tmp/boost_1_83_0/tools/build/src/kernel' '/tmp/boost_1_83_0/tools/build/src/util' '/tmp/boost_1_83_0/tools/build/src/build' '/tmp/boost_1_83_0/tools/build/src/tools' '/tmp/boost_1_83_0/tools/build/src/contrib' '/tmp/boost_1_83_0/tools/build/src/.' for user-config configuration file 'user-config.jam'.
notice: Configuration file 'user-config.jam' not found in '/root' '/tmp/boost_1_83_0/tools/build/src/kernel' '/tmp/boost_1_83_0/tools/build/src/util' '/tmp/boost_1_83_0/tools/build/src/build' '/tmp/boost_1_83_0/tools/build/src/tools' '/tmp/boost_1_83_0/tools/build/src/contrib' '/tmp/boost_1_83_0/tools/build/src/.'.
notice: Searching '.' for project-config configuration file 'project-config.jam'.
notice: Loading project-config configuration file 'project-config.jam' from '.'.
notice: will use 'g++' for gcc, condition <toolset>gcc-13
notice: using gcc libraries :: <toolset>gcc-13 :: /usr/bin /usr/lib /usr/lib32 /usr/lib64
notice: using gcc archiver :: <toolset>gcc-13 :: /usr/bin/ar
warning: toolset gcc initialization: can not find tool windres
warning: initialized from project-config.jam:12
notice: using rc compiler :: <toolset>gcc-13 :: /usr/bin/as
notice: [python-cfg] Configuring python...
notice: [python-cfg]   user-specified version: "3.11"
notice: [python-cfg]   user-specified cmd-or-prefix: "/usr"
notice: [python-cfg] Checking interpreter command "/usr/bin/python3.11"...
notice: [python-cfg] running command '/usr/bin/python3.11 -c "from sys import *; print('version=%d.%d\nplatform=%s\nprefix=%s\nexec_prefix=%s\nexecutable=%s' % (version_info[0],version_info[1],platform,prefix,exec_prefix,executable))" 2>&1'
notice: [python-cfg] ...requested configuration matched!
notice: [python-cfg] Details of this Python configuration:
notice: [python-cfg]   interpreter command: "/usr/bin/python3.11"
notice: [python-cfg]   include path: "/usr/include/python3.11"
notice: [python-cfg]   library path: "/usr/lib/python3.11/config" "/usr/lib"
notice: [python-cfg] Checking for NumPy...
notice: [python-cfg] running command '/usr/bin/python3.11 -c "import sys; sys.stderr = sys.stdout; import numpy; print(numpy.get_include())"'
notice: [python-cfg] NumPy enabled
notice: [zlib] Using pre-installed library
notice: [zlib] Condition
notice: [bzip2] Using pre-installed library
notice: [bzip2] Condition
notice: [lzma] Using pre-installed library
notice: [lzma] Condition
notice: [zstd] Using pre-installed library
notice: [zstd] Condition
notice: [locale] ICU path set to /usr
Performing configuration checks

    - default address-model    : 64-bit [1]
    - default architecture     : x86 [1]

[1] gcc-13
...patience...
...patience...
...found 1978 targets...
...updating 36 targets...
gcc.compile.c++ bin.v2/libs/python/build/gcc-13/release/python-3.11/threading-multi/errors.o
gcc.compile.c++ bin.v2/libs/python/build/gcc-13/release/python-3.11/threading-multi/converter/from_python.o
gcc.compile.c++ bin.v2/libs/python/build/gcc-13/release/python-3.11/threading-multi/converter/type_id.o
gcc.compile.c++ bin.v2/libs/python/build/gcc-13/release/python-3.11/threading-multi/slice.o
In file included from ./boost/python/detail/is_xxx.hpp:8,
                 from ./boost/python/detail/is_auto_ptr.hpp:9,
                 from ./boost/python/detail/copy_ctor_mutates_rhs.hpp:8,
                 from ./boost/python/detail/value_arg.hpp:7,
                 from ./boost/python/object/forward.hpp:10,
                 from ./boost/python/object/pointer_holder.hpp:16,
                 from ./boost/python/to_python_indirect.hpp:10,
                 from ./boost/python/converter/arg_to_python.hpp:10,
                 from ./boost/python/call.hpp:15,
                 from ./boost/python/object_core.hpp:14,
                 from ./boost/python/object.hpp:9,
                 from ./boost/python/slice.hpp:11,
                 from libs/python/src/slice.cpp:1:
./boost/python/detail/is_auto_ptr.hpp:17:40: warning: 'template<class> class std::auto_ptr' is deprecated: use 'std::unique_ptr' instead [-Wdeprecated-declarations]
   17 | BOOST_PYTHON_IS_XXX_DEF(auto_ptr, std::auto_ptr, 1)
      |                                        ^~~~~~~~
./boost/detail/is_xxx.hpp:20:4: note: in definition of macro 'BOOST_DETAIL_IS_XXX_DEF'
   20 |    qualified_name< BOOST_PP_ENUM_PARAMS_Z(1, nargs, T) >        \
      |    ^~~~~~~~~~~~~~
./boost/python/detail/is_auto_ptr.hpp:17:1: note: in expansion of macro 'BOOST_PYTHON_IS_XXX_DEF'
   17 | BOOST_PYTHON_IS_XXX_DEF(auto_ptr, std::auto_ptr, 1)
      | ^~~~~~~~~~~~~~~~~~~~~~~
In file included from /usr/include/c++/13/memory:78,
                 from ./boost/config/no_tr1/memory.hpp:21,
                 from ./boost/get_pointer.hpp:14,
                 from ./boost/python/object/pointer_holder.hpp:11:
/usr/include/c++/13/bits/unique_ptr.h:65:28: note: declared here
   65 |   template<typename> class auto_ptr;
      |                            ^~~~~~~~
gcc.compile.c++ bin.v2/libs/python/build/gcc-13/release/python-3.11/threading-multi/long.o
In file included from ./boost/python/detail/is_xxx.hpp:8,
                 from ./boost/python/detail/is_auto_ptr.hpp:9,
                 from ./boost/python/detail/copy_ctor_mutates_rhs.hpp:8,
                 from ./boost/python/detail/value_arg.hpp:7,
                 from ./boost/python/object/forward.hpp:10,
                 from ./boost/python/object/pointer_holder.hpp:16,
                 from ./boost/python/to_python_indirect.hpp:10,
                 from ./boost/python/converter/arg_to_python.hpp:10,
                 from ./boost/python/call.hpp:15,
                 from ./boost/python/object_core.hpp:14,
                 from ./boost/python/object.hpp:9,
                 from ./boost/python/long.hpp:10,
                 from libs/python/src/long.cpp:5:
./boost/python/detail/is_auto_ptr.hpp:17:40: warning: 'template<class> class std::auto_ptr' is deprecated: use 'std::unique_ptr' instead [-Wdeprecated-declarations]
   17 | BOOST_PYTHON_IS_XXX_DEF(auto_ptr, std::auto_ptr, 1)
      |                                        ^~~~~~~~
./boost/detail/is_xxx.hpp:20:4: note: in definition of macro 'BOOST_DETAIL_IS_XXX_DEF'
   20 |    qualified_name< BOOST_PP_ENUM_PARAMS_Z(1, nargs, T) >        \
      |    ^~~~~~~~~~~~~~
./boost/python/detail/is_auto_ptr.hpp:17:1: note: in expansion of macro 'BOOST_PYTHON_IS_XXX_DEF'
   17 | BOOST_PYTHON_IS_XXX_DEF(auto_ptr, std::auto_ptr, 1)
      | ^~~~~~~~~~~~~~~~~~~~~~~
In file included from /usr/include/c++/13/memory:78,
                 from ./boost/config/no_tr1/memory.hpp:21,
                 from ./boost/get_pointer.hpp:14,
                 from ./boost/python/object/pointer_holder.hpp:11:
/usr/include/c++/13/bits/unique_ptr.h:65:28: note: declared here
   65 |   template<typename> class auto_ptr;
      |                            ^~~~~~~~
gcc.compile.c++ bin.v2/libs/python/build/gcc-13/release/python-3.11/threading-multi/module.o
In file included from ./boost/python/detail/is_xxx.hpp:8,
                 from ./boost/python/detail/is_auto_ptr.hpp:9,
                 from ./boost/python/detail/copy_ctor_mutates_rhs.hpp:8,
                 from ./boost/python/detail/value_arg.hpp:7,
                 from ./boost/python/object/forward.hpp:10,
                 from ./boost/python/object/pointer_holder.hpp:16,
                 from ./boost/python/to_python_indirect.hpp:10,
                 from ./boost/python/converter/arg_to_python.hpp:10,
                 from ./boost/python/call.hpp:15,
                 from ./boost/python/object_core.hpp:14,
                 from ./boost/python/object.hpp:9,
                 from ./boost/python/scope.hpp:9,
                 from libs/python/src/module.cpp:9:
./boost/python/detail/is_auto_ptr.hpp:17:40: warning: 'template<class> class std::auto_ptr' is deprecated: use 'std::unique_ptr' instead [-Wdeprecated-declarations]
   17 | BOOST_PYTHON_IS_XXX_DEF(auto_ptr, std::auto_ptr, 1)
      |                                        ^~~~~~~~
./boost/detail/is_xxx.hpp:20:4: note: in definition of macro 'BOOST_DETAIL_IS_XXX_DEF'
   20 |    qualified_name< BOOST_PP_ENUM_PARAMS_Z(1, nargs, T) >        \
      |    ^~~~~~~~~~~~~~
./boost/python/detail/is_auto_ptr.hpp:17:1: note: in expansion of macro 'BOOST_PYTHON_IS_XXX_DEF'
   17 | BOOST_PYTHON_IS_XXX_DEF(auto_ptr, std::auto_ptr, 1)
      | ^~~~~~~~~~~~~~~~~~~~~~~
In file included from /usr/include/c++/13/memory:78,
                 from ./boost/config/no_tr1/memory.hpp:21,
                 from ./boost/get_pointer.hpp:14,
                 from ./boost/python/object/pointer_holder.hpp:11:
/usr/include/c++/13/bits/unique_ptr.h:65:28: note: declared here
   65 |   template<typename> class auto_ptr;
      |                            ^~~~~~~~
gcc.compile.c++ bin.v2/libs/python/build/gcc-13/release/python-3.11/threading-multi/list.o
In file included from ./boost/python/detail/is_xxx.hpp:8,
                 from ./boost/python/detail/is_auto_ptr.hpp:9,
                 from ./boost/python/detail/copy_ctor_mutates_rhs.hpp:8,
                 from ./boost/python/detail/value_arg.hpp:7,
                 from ./boost/python/object/forward.hpp:10,
                 from ./boost/python/object/pointer_holder.hpp:16,
                 from ./boost/python/to_python_indirect.hpp:10,
                 from ./boost/python/converter/arg_to_python.hpp:10,
                 from ./boost/python/call.hpp:15,
                 from ./boost/python/object_core.hpp:14,
                 from ./boost/python/object.hpp:9,
                 from ./boost/python/list.hpp:10,
                 from libs/python/src/list.cpp:5:
./boost/python/detail/is_auto_ptr.hpp:17:40: warning: 'template<class> class std::auto_ptr' is deprecated: use 'std::unique_ptr' instead [-Wdeprecated-declarations]
   17 | BOOST_PYTHON_IS_XXX_DEF(auto_ptr, std::auto_ptr, 1)
      |                                        ^~~~~~~~
./boost/detail/is_xxx.hpp:20:4: note: in definition of macro 'BOOST_DETAIL_IS_XXX_DEF'
   20 |    qualified_name< BOOST_PP_ENUM_PARAMS_Z(1, nargs, T) >        \
      |    ^~~~~~~~~~~~~~
./boost/python/detail/is_auto_ptr.hpp:17:1: note: in expansion of macro 'BOOST_PYTHON_IS_XXX_DEF'
   17 | BOOST_PYTHON_IS_XXX_DEF(auto_ptr, std::auto_ptr, 1)
      | ^~~~~~~~~~~~~~~~~~~~~~~
In file included from /usr/include/c++/13/memory:78,
                 from ./boost/config/no_tr1/memory.hpp:21,
                 from ./boost/get_pointer.hpp:14,
                 from ./boost/python/object/pointer_holder.hpp:11:
/usr/include/c++/13/bits/unique_ptr.h:65:28: note: declared here
   65 |   template<typename> class auto_ptr;
      |                            ^~~~~~~~
gcc.compile.c++ bin.v2/libs/python/build/gcc-13/release/python-3.11/threading-multi/object_protocol.o
In file included from ./boost/python/detail/is_xxx.hpp:8,
                 from ./boost/python/detail/is_auto_ptr.hpp:9,
                 from ./boost/python/detail/copy_ctor_mutates_rhs.hpp:8,
                 from ./boost/python/detail/value_arg.hpp:7,
                 from ./boost/python/object/forward.hpp:10,
                 from ./boost/python/object/pointer_holder.hpp:16,
                 from ./boost/python/to_python_indirect.hpp:10,
                 from ./boost/python/converter/arg_to_python.hpp:10,
                 from ./boost/python/call.hpp:15,
                 from ./boost/python/object_core.hpp:14,
                 from ./boost/python/object_protocol.hpp:11,
                 from libs/python/src/object_protocol.cpp:6:
./boost/python/detail/is_auto_ptr.hpp:17:40: warning: 'template<class> class std::auto_ptr' is deprecated: use 'std::unique_ptr' instead [-Wdeprecated-declarations]
   17 | BOOST_PYTHON_IS_XXX_DEF(auto_ptr, std::auto_ptr, 1)
      |                                        ^~~~~~~~
./boost/detail/is_xxx.hpp:20:4: note: in definition of macro 'BOOST_DETAIL_IS_XXX_DEF'
   20 |    qualified_name< BOOST_PP_ENUM_PARAMS_Z(1, nargs, T) >        \
      |    ^~~~~~~~~~~~~~
./boost/python/detail/is_auto_ptr.hpp:17:1: note: in expansion of macro 'BOOST_PYTHON_IS_XXX_DEF'
   17 | BOOST_PYTHON_IS_XXX_DEF(auto_ptr, std::auto_ptr, 1)
      | ^~~~~~~~~~~~~~~~~~~~~~~
In file included from /usr/include/c++/13/memory:78,
                 from ./boost/config/no_tr1/memory.hpp:21,
                 from ./boost/get_pointer.hpp:14,
                 from ./boost/python/object/pointer_holder.hpp:11:
/usr/include/c++/13/bits/unique_ptr.h:65:28: note: declared here
   65 |   template<typename> class auto_ptr;
      |                            ^~~~~~~~
gcc.compile.c++ bin.v2/libs/python/build/gcc-13/release/python-3.11/threading-multi/object_operators.o
In file included from ./boost/python/detail/is_xxx.hpp:8,
                 from ./boost/python/detail/is_auto_ptr.hpp:9,
                 from ./boost/python/detail/copy_ctor_mutates_rhs.hpp:8,
                 from ./boost/python/detail/value_arg.hpp:7,
                 from ./boost/python/object/forward.hpp:10,
                 from ./boost/python/object/pointer_holder.hpp:16,
                 from ./boost/python/to_python_indirect.hpp:10,
                 from ./boost/python/converter/arg_to_python.hpp:10,
                 from ./boost/python/call.hpp:15,
                 from ./boost/python/object_core.hpp:14,
                 from ./boost/python/object_operators.hpp:10,
                 from libs/python/src/object_operators.cpp:6:
./boost/python/detail/is_auto_ptr.hpp:17:40: warning: 'template<class> class std::auto_ptr' is deprecated: use 'std::unique_ptr' instead [-Wdeprecated-declarations]
   17 | BOOST_PYTHON_IS_XXX_DEF(auto_ptr, std::auto_ptr, 1)
      |                                        ^~~~~~~~
./boost/detail/is_xxx.hpp:20:4: note: in definition of macro 'BOOST_DETAIL_IS_XXX_DEF'
   20 |    qualified_name< BOOST_PP_ENUM_PARAMS_Z(1, nargs, T) >        \
      |    ^~~~~~~~~~~~~~
./boost/python/detail/is_auto_ptr.hpp:17:1: note: in expansion of macro 'BOOST_PYTHON_IS_XXX_DEF'
   17 | BOOST_PYTHON_IS_XXX_DEF(auto_ptr, std::auto_ptr, 1)
      | ^~~~~~~~~~~~~~~~~~~~~~~
In file included from /usr/include/c++/13/memory:78,
                 from ./boost/config/no_tr1/memory.hpp:21,
                 from ./boost/get_pointer.hpp:14,
                 from ./boost/python/object/pointer_holder.hpp:11:
/usr/include/c++/13/bits/unique_ptr.h:65:28: note: declared here
   65 |   template<typename> class auto_ptr;
      |                            ^~~~~~~~
gcc.compile.c++ bin.v2/libs/python/build/gcc-13/release/python-3.11/threading-multi/converter/registry.o
gcc.compile.c++ bin.v2/libs/python/build/gcc-13/release/python-3.11/threading-multi/tuple.o
In file included from ./boost/python/detail/is_xxx.hpp:8,
                 from ./boost/python/detail/is_auto_ptr.hpp:9,
                 from ./boost/python/detail/copy_ctor_mutates_rhs.hpp:8,
                 from ./boost/python/detail/value_arg.hpp:7,
                 from ./boost/python/object/forward.hpp:10,
                 from ./boost/python/object/pointer_holder.hpp:16,
                 from ./boost/python/to_python_indirect.hpp:10,
                 from ./boost/python/converter/arg_to_python.hpp:10,
                 from ./boost/python/call.hpp:15,
                 from ./boost/python/object_core.hpp:14,
                 from ./boost/python/object.hpp:9,
                 from ./boost/python/tuple.hpp:10,
                 from libs/python/src/tuple.cpp:5:
./boost/python/detail/is_auto_ptr.hpp:17:40: warning: 'template<class> class std::auto_ptr' is deprecated: use 'std::unique_ptr' instead [-Wdeprecated-declarations]
   17 | BOOST_PYTHON_IS_XXX_DEF(auto_ptr, std::auto_ptr, 1)
      |                                        ^~~~~~~~
./boost/detail/is_xxx.hpp:20:4: note: in definition of macro 'BOOST_DETAIL_IS_XXX_DEF'
   20 |    qualified_name< BOOST_PP_ENUM_PARAMS_Z(1, nargs, T) >        \
      |    ^~~~~~~~~~~~~~
./boost/python/detail/is_auto_ptr.hpp:17:1: note: in expansion of macro 'BOOST_PYTHON_IS_XXX_DEF'
   17 | BOOST_PYTHON_IS_XXX_DEF(auto_ptr, std::auto_ptr, 1)
      | ^~~~~~~~~~~~~~~~~~~~~~~
In file included from /usr/include/c++/13/memory:78,
                 from ./boost/config/no_tr1/memory.hpp:21,
                 from ./boost/get_pointer.hpp:14,
                 from ./boost/python/object/pointer_holder.hpp:11:
/usr/include/c++/13/bits/unique_ptr.h:65:28: note: declared here
   65 |   template<typename> class auto_ptr;
      |                            ^~~~~~~~
gcc.compile.c++ bin.v2/libs/python/build/gcc-13/release/python-3.11/threading-multi/object/enum.o
In file included from ./boost/python/detail/is_xxx.hpp:8,
                 from ./boost/python/detail/is_auto_ptr.hpp:9,
                 from ./boost/python/detail/copy_ctor_mutates_rhs.hpp:8,
                 from ./boost/python/detail/value_arg.hpp:7,
                 from ./boost/python/object/forward.hpp:10,
                 from ./boost/python/object/pointer_holder.hpp:16,
                 from ./boost/python/to_python_indirect.hpp:10,
                 from ./boost/python/converter/arg_to_python.hpp:10,
                 from ./boost/python/call.hpp:15,
                 from ./boost/python/object_core.hpp:14,
                 from ./boost/python/object/enum_base.hpp:8,
                 from libs/python/src/object/enum.cpp:6:
./boost/python/detail/is_auto_ptr.hpp:17:40: warning: 'template<class> class std::auto_ptr' is deprecated: use 'std::unique_ptr' instead [-Wdeprecated-declarations]
   17 | BOOST_PYTHON_IS_XXX_DEF(auto_ptr, std::auto_ptr, 1)
      |                                        ^~~~~~~~
./boost/detail/is_xxx.hpp:20:4: note: in definition of macro 'BOOST_DETAIL_IS_XXX_DEF'
   20 |    qualified_name< BOOST_PP_ENUM_PARAMS_Z(1, nargs, T) >        \
      |    ^~~~~~~~~~~~~~
./boost/python/detail/is_auto_ptr.hpp:17:1: note: in expansion of macro 'BOOST_PYTHON_IS_XXX_DEF'
   17 | BOOST_PYTHON_IS_XXX_DEF(auto_ptr, std::auto_ptr, 1)
      | ^~~~~~~~~~~~~~~~~~~~~~~
In file included from /usr/include/c++/13/memory:78,
                 from ./boost/config/no_tr1/memory.hpp:21,
                 from ./boost/get_pointer.hpp:14,
                 from ./boost/python/object/pointer_holder.hpp:11:
/usr/include/c++/13/bits/unique_ptr.h:65:28: note: declared here
   65 |   template<typename> class auto_ptr;
      |                            ^~~~~~~~
gcc.compile.c++ bin.v2/libs/python/build/gcc-13/release/python-3.11/threading-multi/dict.o
In file included from ./boost/python/detail/is_xxx.hpp:8,
                 from ./boost/python/detail/is_auto_ptr.hpp:9,
                 from ./boost/python/detail/copy_ctor_mutates_rhs.hpp:8,
                 from ./boost/python/detail/value_arg.hpp:7,
                 from ./boost/python/object/forward.hpp:10,
                 from ./boost/python/object/pointer_holder.hpp:16,
                 from ./boost/python/to_python_indirect.hpp:10,
                 from ./boost/python/converter/arg_to_python.hpp:10,
                 from ./boost/python/call.hpp:15,
                 from ./boost/python/object_core.hpp:14,
                 from ./boost/python/object.hpp:9,
                 from ./boost/python/dict.hpp:10,
                 from libs/python/src/dict.cpp:4:
./boost/python/detail/is_auto_ptr.hpp:17:40: warning: 'template<class> class std::auto_ptr' is deprecated: use 'std::unique_ptr' instead [-Wdeprecated-declarations]
   17 | BOOST_PYTHON_IS_XXX_DEF(auto_ptr, std::auto_ptr, 1)
      |                                        ^~~~~~~~
./boost/detail/is_xxx.hpp:20:4: note: in definition of macro 'BOOST_DETAIL_IS_XXX_DEF'
   20 |    qualified_name< BOOST_PP_ENUM_PARAMS_Z(1, nargs, T) >        \
      |    ^~~~~~~~~~~~~~
./boost/python/detail/is_auto_ptr.hpp:17:1: note: in expansion of macro 'BOOST_PYTHON_IS_XXX_DEF'
   17 | BOOST_PYTHON_IS_XXX_DEF(auto_ptr, std::auto_ptr, 1)
      | ^~~~~~~~~~~~~~~~~~~~~~~
In file included from /usr/include/c++/13/memory:78,
                 from ./boost/config/no_tr1/memory.hpp:21,
                 from ./boost/get_pointer.hpp:14,
                 from ./boost/python/object/pointer_holder.hpp:11:
/usr/include/c++/13/bits/unique_ptr.h:65:28: note: declared here
   65 |   template<typename> class auto_ptr;
      |                            ^~~~~~~~
gcc.compile.c++ bin.v2/libs/python/build/gcc-13/release/python-3.11/threading-multi/str.o
In file included from ./boost/python/detail/is_xxx.hpp:8,
                 from ./boost/python/detail/is_auto_ptr.hpp:9,
                 from ./boost/python/detail/copy_ctor_mutates_rhs.hpp:8,
                 from ./boost/python/detail/value_arg.hpp:7,
                 from ./boost/python/object/forward.hpp:10,
                 from ./boost/python/object/pointer_holder.hpp:16,
                 from ./boost/python/to_python_indirect.hpp:10,
                 from ./boost/python/converter/arg_to_python.hpp:10,
                 from ./boost/python/call.hpp:15,
                 from ./boost/python/object_core.hpp:14,
                 from ./boost/python/object.hpp:9,
                 from ./boost/python/str.hpp:10,
                 from libs/python/src/str.cpp:4:
./boost/python/detail/is_auto_ptr.hpp:17:40: warning: 'template<class> class std::auto_ptr' is deprecated: use 'std::unique_ptr' instead [-Wdeprecated-declarations]
   17 | BOOST_PYTHON_IS_XXX_DEF(auto_ptr, std::auto_ptr, 1)
      |                                        ^~~~~~~~
./boost/detail/is_xxx.hpp:20:4: note: in definition of macro 'BOOST_DETAIL_IS_XXX_DEF'
   20 |    qualified_name< BOOST_PP_ENUM_PARAMS_Z(1, nargs, T) >        \
      |    ^~~~~~~~~~~~~~
./boost/python/detail/is_auto_ptr.hpp:17:1: note: in expansion of macro 'BOOST_PYTHON_IS_XXX_DEF'
   17 | BOOST_PYTHON_IS_XXX_DEF(auto_ptr, std::auto_ptr, 1)
      | ^~~~~~~~~~~~~~~~~~~~~~~
In file included from /usr/include/c++/13/memory:78,
                 from ./boost/config/no_tr1/memory.hpp:21,
                 from ./boost/get_pointer.hpp:14,
                 from ./boost/python/object/pointer_holder.hpp:11:
/usr/include/c++/13/bits/unique_ptr.h:65:28: note: declared here
   65 |   template<typename> class auto_ptr;
      |                            ^~~~~~~~
gcc.compile.c++ bin.v2/libs/python/build/gcc-13/release/python-3.11/threading-multi/object/life_support.o
gcc.compile.c++ bin.v2/libs/python/build/gcc-13/release/python-3.11/threading-multi/converter/arg_to_python_base.o
gcc.compile.c++ bin.v2/libs/python/build/gcc-13/release/python-3.11/threading-multi/converter/builtin_converters.o
gcc.compile.c++ bin.v2/libs/python/build/gcc-13/release/python-3.11/threading-multi/object/iterator.o
In file included from ./boost/python/detail/is_xxx.hpp:8,
                 from ./boost/python/detail/is_auto_ptr.hpp:9,
                 from ./boost/python/detail/copy_ctor_mutates_rhs.hpp:8,
                 from ./boost/python/detail/value_arg.hpp:7,
                 from ./boost/python/object/forward.hpp:10,
                 from ./boost/python/object/pointer_holder.hpp:16,
                 from ./boost/python/to_python_indirect.hpp:10,
                 from ./boost/python/converter/arg_to_python.hpp:10,
                 from ./boost/python/call.hpp:15,
                 from ./boost/python/object_core.hpp:14,
                 from ./boost/python/object/function_object.hpp:9,
                 from libs/python/src/object/iterator.cpp:7:
./boost/python/detail/is_auto_ptr.hpp:17:40: warning: 'template<class> class std::auto_ptr' is deprecated: use 'std::unique_ptr' instead [-Wdeprecated-declarations]
   17 | BOOST_PYTHON_IS_XXX_DEF(auto_ptr, std::auto_ptr, 1)
      |                                        ^~~~~~~~
./boost/detail/is_xxx.hpp:20:4: note: in definition of macro 'BOOST_DETAIL_IS_XXX_DEF'
   20 |    qualified_name< BOOST_PP_ENUM_PARAMS_Z(1, nargs, T) >        \
      |    ^~~~~~~~~~~~~~
./boost/python/detail/is_auto_ptr.hpp:17:1: note: in expansion of macro 'BOOST_PYTHON_IS_XXX_DEF'
   17 | BOOST_PYTHON_IS_XXX_DEF(auto_ptr, std::auto_ptr, 1)
      | ^~~~~~~~~~~~~~~~~~~~~~~
In file included from /usr/include/c++/13/memory:78,
                 from ./boost/function/function_base.hpp:33,
                 from ./boost/function/detail/prologue.hpp:18,
                 from ./boost/function/function_template.hpp:13,
                 from ./boost/function/detail/maybe_include.hpp:29,
                 from ./boost/function/function2.hpp:11,
                 from ./boost/python/object/function_object.hpp:8:
/usr/include/c++/13/bits/unique_ptr.h:65:28: note: declared here
   65 |   template<typename> class auto_ptr;
      |                            ^~~~~~~~
gcc.compile.c++ bin.v2/libs/python/build/gcc-13/release/python-3.11/threading-multi/import.o
In file included from ./boost/python/detail/is_xxx.hpp:8,
                 from ./boost/python/detail/is_auto_ptr.hpp:9,
                 from ./boost/python/detail/copy_ctor_mutates_rhs.hpp:8,
                 from ./boost/python/detail/value_arg.hpp:7,
                 from ./boost/python/object/forward.hpp:10,
                 from ./boost/python/object/pointer_holder.hpp:16,
                 from ./boost/python/to_python_indirect.hpp:10,
                 from ./boost/python/converter/arg_to_python.hpp:10,
                 from ./boost/python/call.hpp:15,
                 from ./boost/python/object_core.hpp:14,
                 from ./boost/python/object.hpp:9,
                 from ./boost/python/import.hpp:8,
                 from libs/python/src/import.cpp:6:
./boost/python/detail/is_auto_ptr.hpp:17:40: warning: 'template<class> class std::auto_ptr' is deprecated: use 'std::unique_ptr' instead [-Wdeprecated-declarations]
   17 | BOOST_PYTHON_IS_XXX_DEF(auto_ptr, std::auto_ptr, 1)
      |                                        ^~~~~~~~
./boost/detail/is_xxx.hpp:20:4: note: in definition of macro 'BOOST_DETAIL_IS_XXX_DEF'
   20 |    qualified_name< BOOST_PP_ENUM_PARAMS_Z(1, nargs, T) >        \
      |    ^~~~~~~~~~~~~~
./boost/python/detail/is_auto_ptr.hpp:17:1: note: in expansion of macro 'BOOST_PYTHON_IS_XXX_DEF'
   17 | BOOST_PYTHON_IS_XXX_DEF(auto_ptr, std::auto_ptr, 1)
      | ^~~~~~~~~~~~~~~~~~~~~~~
In file included from /usr/include/c++/13/memory:78,
                 from ./boost/config/no_tr1/memory.hpp:21,
                 from ./boost/get_pointer.hpp:14,
                 from ./boost/python/object/pointer_holder.hpp:11:
/usr/include/c++/13/bits/unique_ptr.h:65:28: note: declared here
   65 |   template<typename> class auto_ptr;
      |                            ^~~~~~~~
gcc.compile.c++ bin.v2/libs/python/build/gcc-13/release/python-3.11/threading-multi/object/stl_iterator.o
In file included from ./boost/python/detail/is_xxx.hpp:8,
                 from ./boost/python/detail/is_auto_ptr.hpp:9,
                 from ./boost/python/detail/copy_ctor_mutates_rhs.hpp:8,
                 from ./boost/python/detail/value_arg.hpp:7,
                 from ./boost/python/object/forward.hpp:10,
                 from ./boost/python/object/pointer_holder.hpp:16,
                 from ./boost/python/to_python_indirect.hpp:10,
                 from ./boost/python/converter/arg_to_python.hpp:10,
                 from ./boost/python/call.hpp:15,
                 from ./boost/python/object_core.hpp:14,
                 from ./boost/python/object.hpp:9,
                 from libs/python/src/object/stl_iterator.cpp:10:
./boost/python/detail/is_auto_ptr.hpp:17:40: warning: 'template<class> class std::auto_ptr' is deprecated: use 'std::unique_ptr' instead [-Wdeprecated-declarations]
   17 | BOOST_PYTHON_IS_XXX_DEF(auto_ptr, std::auto_ptr, 1)
      |                                        ^~~~~~~~
./boost/detail/is_xxx.hpp:20:4: note: in definition of macro 'BOOST_DETAIL_IS_XXX_DEF'
   20 |    qualified_name< BOOST_PP_ENUM_PARAMS_Z(1, nargs, T) >        \
      |    ^~~~~~~~~~~~~~
./boost/python/detail/is_auto_ptr.hpp:17:1: note: in expansion of macro 'BOOST_PYTHON_IS_XXX_DEF'
   17 | BOOST_PYTHON_IS_XXX_DEF(auto_ptr, std::auto_ptr, 1)
      | ^~~~~~~~~~~~~~~~~~~~~~~
In file included from /usr/include/c++/13/memory:78,
                 from ./boost/config/no_tr1/memory.hpp:21,
                 from ./boost/get_pointer.hpp:14,
                 from ./boost/python/object/pointer_holder.hpp:11:
/usr/include/c++/13/bits/unique_ptr.h:65:28: note: declared here
   65 |   template<typename> class auto_ptr;
      |                            ^~~~~~~~
gcc.compile.c++ bin.v2/libs/python/build/gcc-13/release/python-3.11/threading-multi/wrapper.o
In file included from ./boost/python/detail/is_xxx.hpp:8,
                 from ./boost/python/detail/is_auto_ptr.hpp:9,
                 from ./boost/python/detail/copy_ctor_mutates_rhs.hpp:8,
                 from ./boost/python/detail/value_arg.hpp:7,
                 from ./boost/python/object/forward.hpp:10,
                 from ./boost/python/object/pointer_holder.hpp:16,
                 from ./boost/python/to_python_indirect.hpp:10,
                 from ./boost/python/converter/arg_to_python.hpp:10,
                 from ./boost/python/call.hpp:15,
                 from ./boost/python/object_core.hpp:14,
                 from ./boost/python/extract.hpp:16,
                 from ./boost/python/override.hpp:13,
                 from ./boost/python/wrapper.hpp:8,
                 from libs/python/src/wrapper.cpp:5:
./boost/python/detail/is_auto_ptr.hpp:17:40: warning: 'template<class> class std::auto_ptr' is deprecated: use 'std::unique_ptr' instead [-Wdeprecated-declarations]
   17 | BOOST_PYTHON_IS_XXX_DEF(auto_ptr, std::auto_ptr, 1)
      |                                        ^~~~~~~~
./boost/detail/is_xxx.hpp:20:4: note: in definition of macro 'BOOST_DETAIL_IS_XXX_DEF'
   20 |    qualified_name< BOOST_PP_ENUM_PARAMS_Z(1, nargs, T) >        \
      |    ^~~~~~~~~~~~~~
./boost/python/detail/is_auto_ptr.hpp:17:1: note: in expansion of macro 'BOOST_PYTHON_IS_XXX_DEF'
   17 | BOOST_PYTHON_IS_XXX_DEF(auto_ptr, std::auto_ptr, 1)
      | ^~~~~~~~~~~~~~~~~~~~~~~
In file included from /usr/include/c++/13/memory:78,
                 from ./boost/python/converter/registered.hpp:16,
                 from ./boost/python/converter/return_from_python.hpp:10,
                 from ./boost/python/override.hpp:11:
/usr/include/c++/13/bits/unique_ptr.h:65:28: note: declared here
   65 |   template<typename> class auto_ptr;
      |                            ^~~~~~~~
gcc.compile.c++ bin.v2/libs/python/build/gcc-13/release/python-3.11/threading-multi/exec.o
In file included from ./boost/python/detail/is_xxx.hpp:8,
                 from ./boost/python/detail/is_auto_ptr.hpp:9,
                 from ./boost/python/detail/copy_ctor_mutates_rhs.hpp:8,
                 from ./boost/python/detail/value_arg.hpp:7,
                 from ./boost/python/object/forward.hpp:10,
                 from ./boost/python/object/pointer_holder.hpp:16,
                 from ./boost/python/to_python_indirect.hpp:10,
                 from ./boost/python/converter/arg_to_python.hpp:10,
                 from ./boost/python/call.hpp:15,
                 from ./boost/python/object_core.hpp:14,
                 from ./boost/python/object.hpp:9,
                 from ./boost/python/exec.hpp:8,
                 from libs/python/src/exec.cpp:6:
./boost/python/detail/is_auto_ptr.hpp:17:40: warning: 'template<class> class std::auto_ptr' is deprecated: use 'std::unique_ptr' instead [-Wdeprecated-declarations]
   17 | BOOST_PYTHON_IS_XXX_DEF(auto_ptr, std::auto_ptr, 1)
      |                                        ^~~~~~~~
./boost/detail/is_xxx.hpp:20:4: note: in definition of macro 'BOOST_DETAIL_IS_XXX_DEF'
   20 |    qualified_name< BOOST_PP_ENUM_PARAMS_Z(1, nargs, T) >        \
      |    ^~~~~~~~~~~~~~
./boost/python/detail/is_auto_ptr.hpp:17:1: note: in expansion of macro 'BOOST_PYTHON_IS_XXX_DEF'
   17 | BOOST_PYTHON_IS_XXX_DEF(auto_ptr, std::auto_ptr, 1)
      | ^~~~~~~~~~~~~~~~~~~~~~~
In file included from /usr/include/c++/13/memory:78,
                 from ./boost/config/no_tr1/memory.hpp:21,
                 from ./boost/get_pointer.hpp:14,
                 from ./boost/python/object/pointer_holder.hpp:11:
/usr/include/c++/13/bits/unique_ptr.h:65:28: note: declared here
   65 |   template<typename> class auto_ptr;
      |                            ^~~~~~~~
gcc.compile.c++ bin.v2/libs/python/build/gcc-13/release/python-3.11/threading-multi/object/pickle_support.o
In file included from ./boost/python/detail/is_xxx.hpp:8,
                 from ./boost/python/detail/value_is_xxx.hpp:13,
                 from ./boost/python/detail/value_is_shared_ptr.hpp:10,
                 from ./boost/python/to_python_value.hpp:23,
                 from ./boost/python/default_call_policies.hpp:10,
                 from ./boost/python/make_function.hpp:10,
                 from libs/python/src/object/pickle_support.cpp:6:
./boost/python/detail/is_auto_ptr.hpp:17:40: warning: 'template<class> class std::auto_ptr' is deprecated: use 'std::unique_ptr' instead [-Wdeprecated-declarations]
   17 | BOOST_PYTHON_IS_XXX_DEF(auto_ptr, std::auto_ptr, 1)
      |                                        ^~~~~~~~
./boost/detail/is_xxx.hpp:20:4: note: in definition of macro 'BOOST_DETAIL_IS_XXX_DEF'
   20 |    qualified_name< BOOST_PP_ENUM_PARAMS_Z(1, nargs, T) >        \
      |    ^~~~~~~~~~~~~~
./boost/python/detail/is_auto_ptr.hpp:17:1: note: in expansion of macro 'BOOST_PYTHON_IS_XXX_DEF'
   17 | BOOST_PYTHON_IS_XXX_DEF(auto_ptr, std::auto_ptr, 1)
      | ^~~~~~~~~~~~~~~~~~~~~~~
In file included from /usr/include/c++/13/memory:78,
                 from ./boost/function/function_base.hpp:33,
                 from ./boost/function/detail/prologue.hpp:18,
                 from ./boost/function/function_template.hpp:13,
                 from ./boost/function/detail/maybe_include.hpp:15,
                 from ./boost/function/function0.hpp:11,
                 from ./boost/python/errors.hpp:13,
                 from ./boost/python/handle.hpp:11,
                 from ./boost/python/to_python_value.hpp:14:
/usr/include/c++/13/bits/unique_ptr.h:65:28: note: declared here
   65 |   template<typename> class auto_ptr;
      |                            ^~~~~~~~
gcc.compile.c++ bin.v2/libs/python/build/gcc-13/release/python-3.11/threading-multi/object/class.o
In file included from ./boost/python/detail/is_xxx.hpp:8,
                 from ./boost/python/detail/is_auto_ptr.hpp:9,
                 from ./boost/python/detail/copy_ctor_mutates_rhs.hpp:8,
                 from ./boost/python/detail/value_arg.hpp:7,
                 from ./boost/python/object/forward.hpp:10,
                 from ./boost/python/object/pointer_holder.hpp:16,
                 from ./boost/python/to_python_indirect.hpp:10,
                 from ./boost/python/converter/arg_to_python.hpp:10,
                 from ./boost/python/call.hpp:15,
                 from ./boost/python/object_core.hpp:14,
                 from ./boost/python/object/class.hpp:9,
                 from libs/python/src/object/class.cpp:10:
./boost/python/detail/is_auto_ptr.hpp:17:40: warning: 'template<class> class std::auto_ptr' is deprecated: use 'std::unique_ptr' instead [-Wdeprecated-declarations]
   17 | BOOST_PYTHON_IS_XXX_DEF(auto_ptr, std::auto_ptr, 1)
      |                                        ^~~~~~~~
./boost/detail/is_xxx.hpp:20:4: note: in definition of macro 'BOOST_DETAIL_IS_XXX_DEF'
   20 |    qualified_name< BOOST_PP_ENUM_PARAMS_Z(1, nargs, T) >        \
      |    ^~~~~~~~~~~~~~
./boost/python/detail/is_auto_ptr.hpp:17:1: note: in expansion of macro 'BOOST_PYTHON_IS_XXX_DEF'
   17 | BOOST_PYTHON_IS_XXX_DEF(auto_ptr, std::auto_ptr, 1)
      | ^~~~~~~~~~~~~~~~~~~~~~~
In file included from /usr/include/c++/13/memory:78,
                 from ./boost/config/no_tr1/memory.hpp:21,
                 from ./boost/get_pointer.hpp:14,
                 from ./boost/python/object/pointer_holder.hpp:11:
/usr/include/c++/13/bits/unique_ptr.h:65:28: note: declared here
   65 |   template<typename> class auto_ptr;
      |                            ^~~~~~~~
gcc.compile.c++ bin.v2/libs/python/build/gcc-13/release/python-3.11/threading-multi/object/function.o
In file included from ./boost/python/detail/is_xxx.hpp:8,
                 from ./boost/python/detail/is_auto_ptr.hpp:9,
                 from ./boost/python/detail/copy_ctor_mutates_rhs.hpp:8,
                 from ./boost/python/detail/value_arg.hpp:7,
                 from ./boost/python/object/forward.hpp:10,
                 from ./boost/python/object/pointer_holder.hpp:16,
                 from ./boost/python/to_python_indirect.hpp:10,
                 from ./boost/python/converter/arg_to_python.hpp:10,
                 from ./boost/python/call.hpp:15,
                 from ./boost/python/object_core.hpp:14,
                 from ./boost/python/object/function.hpp:12,
                 from ./boost/python/docstring_options.hpp:8,
                 from libs/python/src/object/function.cpp:6:
./boost/python/detail/is_auto_ptr.hpp:17:40: warning: 'template<class> class std::auto_ptr' is deprecated: use 'std::unique_ptr' instead [-Wdeprecated-declarations]
   17 | BOOST_PYTHON_IS_XXX_DEF(auto_ptr, std::auto_ptr, 1)
      |                                        ^~~~~~~~
./boost/detail/is_xxx.hpp:20:4: note: in definition of macro 'BOOST_DETAIL_IS_XXX_DEF'
   20 |    qualified_name< BOOST_PP_ENUM_PARAMS_Z(1, nargs, T) >        \
      |    ^~~~~~~~~~~~~~
./boost/python/detail/is_auto_ptr.hpp:17:1: note: in expansion of macro 'BOOST_PYTHON_IS_XXX_DEF'
   17 | BOOST_PYTHON_IS_XXX_DEF(auto_ptr, std::auto_ptr, 1)
      | ^~~~~~~~~~~~~~~~~~~~~~~
In file included from /usr/include/c++/13/memory:78,
                 from ./boost/function/function_base.hpp:33,
                 from ./boost/function/detail/prologue.hpp:18,
                 from ./boost/function/function_template.hpp:13,
                 from ./boost/function/detail/maybe_include.hpp:15,
                 from ./boost/function/function0.hpp:11,
                 from ./boost/python/errors.hpp:13,
                 from ./boost/python/handle.hpp:11,
                 from ./boost/python/args_fwd.hpp:10,
                 from ./boost/python/object/function.hpp:9:
/usr/include/c++/13/bits/unique_ptr.h:65:28: note: declared here
   65 |   template<typename> class auto_ptr;
      |                            ^~~~~~~~
gcc.compile.c++ bin.v2/libs/python/build/gcc-13/release/python-3.11/threading-multi/object/function_doc_signature.o
In file included from ./boost/python/detail/is_xxx.hpp:8,
                 from ./boost/python/detail/is_auto_ptr.hpp:9,
                 from ./boost/python/detail/copy_ctor_mutates_rhs.hpp:8,
                 from ./boost/python/detail/value_arg.hpp:7,
                 from ./boost/python/object/forward.hpp:10,
                 from ./boost/python/object/pointer_holder.hpp:16,
                 from ./boost/python/to_python_indirect.hpp:10,
                 from ./boost/python/converter/arg_to_python.hpp:10,
                 from ./boost/python/call.hpp:15,
                 from ./boost/python/object_core.hpp:14,
                 from ./boost/python/object/function.hpp:12,
                 from ./boost/python/object/function_doc_signature.hpp:8,
                 from libs/python/src/object/function_doc_signature.cpp:10:
./boost/python/detail/is_auto_ptr.hpp:17:40: warning: 'template<class> class std::auto_ptr' is deprecated: use 'std::unique_ptr' instead [-Wdeprecated-declarations]
   17 | BOOST_PYTHON_IS_XXX_DEF(auto_ptr, std::auto_ptr, 1)
      |                                        ^~~~~~~~
./boost/detail/is_xxx.hpp:20:4: note: in definition of macro 'BOOST_DETAIL_IS_XXX_DEF'
   20 |    qualified_name< BOOST_PP_ENUM_PARAMS_Z(1, nargs, T) >        \
      |    ^~~~~~~~~~~~~~
./boost/python/detail/is_auto_ptr.hpp:17:1: note: in expansion of macro 'BOOST_PYTHON_IS_XXX_DEF'
   17 | BOOST_PYTHON_IS_XXX_DEF(auto_ptr, std::auto_ptr, 1)
      | ^~~~~~~~~~~~~~~~~~~~~~~
In file included from /usr/include/c++/13/memory:78,
                 from ./boost/function/function_base.hpp:33,
                 from ./boost/function/detail/prologue.hpp:18,
                 from ./boost/function/function_template.hpp:13,
                 from ./boost/function/detail/maybe_include.hpp:15,
                 from ./boost/function/function0.hpp:11,
                 from ./boost/python/errors.hpp:13,
                 from ./boost/python/handle.hpp:11,
                 from ./boost/python/args_fwd.hpp:10,
                 from ./boost/python/object/function.hpp:9:
/usr/include/c++/13/bits/unique_ptr.h:65:28: note: declared here
   65 |   template<typename> class auto_ptr;
      |                            ^~~~~~~~
gcc.compile.c++ bin.v2/libs/python/build/gcc-13/release/python-3.11/threading-multi/object/inheritance.o
gcc.link.dll bin.v2/libs/python/build/gcc-13/release/python-3.11/threading-multi/libboost_python311.so.1.83.0
...updated 36 targets...
===== Installing Boost.Python 3.11 =====
Found: bin.v2/libs/python/build/gcc-13/release/python-3.11/threading-multi/libboost_python311.so.1.83.0
'bin.v2/libs/python/build/gcc-13/release/python-3.11/threading-multi/libboost_python311.so.1.83.0' -> '/usr/local/lib/libboost_python311.so.1.83.0'
===== Installed Boost.Python libraries =====
lrwxrwxrwx 1 root root     28 Jul 28 09:27 /usr/local/lib/libboost_python311.so -> libboost_python311.so.1.83.0
-rwxr-xr-x 1 root root 385968 Jul 28 09:27 /usr/local/lib/libboost_python311.so.1.83.0
 ---> Removed intermediate container f214eed1e391
 ---> 8a1d9d220e44
Step 8/10 : ENV LD_LIBRARY_PATH=/usr/local/lib:${LD_LIBRARY_PATH}
 ---> Running in 00d54e9fbcf9
 ---> Removed intermediate container 00d54e9fbcf9
 ---> d7d6ac0d206a
Step 9/10 : RUN source /workspace/jazzy_ws/install/setup.bash &&     cd /workspace/unip_ros311_ws &&     colcon build         --merge-install         --cmake-args             -DPython3_EXECUTABLE=/usr/bin/python3.11             -DPYTHON_EXECUTABLE=/usr/bin/python3.11             -DPYTHON_INCLUDE_DIR=/usr/include/python3.11             -DPYTHON_LIBRARY=/usr/lib/x86_64-linux-gnu/libpython3.11.so             -DBoost_NO_BOOST_CMAKE=ON             -DCMAKE_LIBRARY_PATH=/usr/local/lib
 ---> Running in 8ae47fb4b742
Starting >>> statistics_msgs
Starting >>> console_bridge_vendor
Starting >>> eigen3_cmake_module
Starting >>> tf2_py
Starting >>> object_recognition_msgs
Starting >>> octomap_msgs
Starting >>> pcl_msgs
Starting >>> control_msgs
Starting >>> sensor_msgs_py
[91m/usr/local/lib/python3.11/dist-packages/setuptools/_distutils/dist.py:288: UserWarning: Unknown distribution option: 'tests_require'
  warnings.warn(msg)
[0mFinished <<< eigen3_cmake_module [0.88s]
[91m--- stderr: eigen3_cmake_module
CMake Warning:
  Manually-specified variables were not used by the project:

    Boost_NO_BOOST_CMAKE
    CMAKE_LIBRARY_PATH
    PYTHON_EXECUTABLE
    PYTHON_INCLUDE_DIR
    PYTHON_LIBRARY


---
[0mStarting >>> orocos_kdl_vendor
[91m--- stderr: sensor_msgs_py
/usr/local/lib/python3.11/dist-packages/setuptools/_distutils/dist.py:288: UserWarning: Unknown distribution option: 'tests_require'
  warnings.warn(msg)
---
[0mFinished <<< sensor_msgs_py [1.06s]
[91m--- stderr: console_bridge_vendor
CMake Warning:
  Manually-specified variables were not used by the project:

    Boost_NO_BOOST_CMAKE
    CMAKE_LIBRARY_PATH
    PYTHON_EXECUTABLE
    PYTHON_INCLUDE_DIR
    PYTHON_LIBRARY


---
[0mFinished <<< console_bridge_vendor [2.25s]
Starting >>> class_loader
Finished <<< tf2_py [2.91s]
Starting >>> tf2_ros_py
[91m--- stderr: tf2_py
CMake Warning:
  Manually-specified variables were not used by the project:

    Boost_NO_BOOST_CMAKE
    PYTHON_EXECUTABLE
    PYTHON_INCLUDE_DIR
    PYTHON_LIBRARY


---
[0m[91m/usr/local/lib/python3.11/dist-packages/setuptools/_distutils/dist.py:288: UserWarning: Unknown distribution option: 'tests_require'
  warnings.warn(msg)
[0m[91m/usr/local/lib/python3.11/dist-packages/setuptools/dist.py:765: SetuptoolsDeprecationWarning: License classifiers are deprecated.
!!

        ********************************************************************************
        Please consider removing the following classifiers in favor of a SPDX license expression:

        License :: OSI Approved :: BSD License

        See https://packaging.python.org/en/latest/guides/writing-pyproject-toml/#license for details.
        ********************************************************************************

!!
  self._finalize_license_expression()
[0m[91m--- stderr: tf2_ros_py
/usr/local/lib/python3.11/dist-packages/setuptools/_distutils/dist.py:288: UserWarning: Unknown distribution option: 'tests_require'
  warnings.warn(msg)
/usr/local/lib/python3.11/dist-packages/setuptools/dist.py:765: SetuptoolsDeprecationWarning: License classifiers are deprecated.
!!

        ********************************************************************************
        Please consider removing the following classifiers in favor of a SPDX license expression:

        License :: OSI Approved :: BSD License

        See https://packaging.python.org/en/latest/guides/writing-pyproject-toml/#license for details.
        ********************************************************************************

!!
  self._finalize_license_expression()
---[0m[91m
[0mFinished <<< tf2_ros_py [1.85s]
Finished <<< statistics_msgs [15.4s]
[91m--- stderr: statistics_msgs
CMake Warning:
  Manually-specified variables were not used by the project:

    Boost_NO_BOOST_CMAKE
    PYTHON_INCLUDE_DIR
    PYTHON_LIBRARY


---
[0mStarting >>> libstatistics_collector
[91m--- stderr: pcl_msgs
CMake Warning:
  Manually-specified variables were not used by the project:

    Boost_NO_BOOST_CMAKE
    PYTHON_INCLUDE_DIR
    PYTHON_LIBRARY


---
[0mFinished <<< pcl_msgs [18.5s]
[91m--- stderr: octomap_msgs
CMake Warning:
  Manually-specified variables were not used by the project:

    Boost_NO_BOOST_CMAKE
    PYTHON_INCLUDE_DIR
    PYTHON_LIBRARY


---
[0mFinished <<< octomap_msgs [19.9s]
Finished <<< class_loader [24.2s]
[91m--- stderr: class_loader
CMake Warning:
  Manually-specified variables were not used by the project:

    Boost_NO_BOOST_CMAKE
    PYTHON_EXECUTABLE
    PYTHON_INCLUDE_DIR
    PYTHON_LIBRARY


---
[0mFinished <<< object_recognition_msgs [28.5s]
[91m--- stderr: object_recognition_msgs
CMake Warning:
  Manually-specified variables were not used by the project:

    Boost_NO_BOOST_CMAKE
    PYTHON_INCLUDE_DIR
    PYTHON_LIBRARY


---
[0mStarting >>> moveit_msgs
[91m--- stderr: orocos_kdl_vendor
CMake Warning:
  Manually-specified variables were not used by the project:

    Boost_NO_BOOST_CMAKE
    CMAKE_LIBRARY_PATH
    PYTHON_EXECUTABLE
    PYTHON_INCLUDE_DIR
    PYTHON_LIBRARY


/usr/bin/vcs:6: DeprecationWarning: pkg_resources is deprecated as an API. See https://setuptools.pypa.io/en/latest/pkg_resources.html
  from pkg_resources import load_entry_point
---
[0mFinished <<< orocos_kdl_vendor [37.1s]
[91m--- stderr: libstatistics_collector
CMake Warning:
  Manually-specified variables were not used by the project:

    Boost_NO_BOOST_CMAKE
    PYTHON_INCLUDE_DIR
    PYTHON_LIBRARY


---[0m[91m
[0mFinished <<< libstatistics_collector [24.1s]
Starting >>> rclcpp
[Processing: control_msgs, moveit_msgs, rclcpp]
Finished <<< control_msgs [1min 24s]
[91m--- stderr: control_msgs
CMake Warning:
  Manually-specified variables were not used by the project:

    Boost_NO_BOOST_CMAKE
    PYTHON_INCLUDE_DIR
    PYTHON_LIBRARY


---
[0m[91m--- stderr: moveit_msgs
CMake Warning:
  Manually-specified variables were not used by the project:

    Boost_NO_BOOST_CMAKE
    PYTHON_INCLUDE_DIR
    PYTHON_LIBRARY


---[0m[91m
[0m[Processing: moveit_msgs, rclcpp]
[Processing: moveit_msgs, rclcpp]
[Processing: moveit_msgs, rclcpp]
[Processing: moveit_msgs, rclcpp]
Finished <<< moveit_msgs [3min 1s]
[91m--- stderr: rclcpp
CMake Warning:
  Manually-specified variables were not used by the project:

    Boost_NO_BOOST_CMAKE
    PYTHON_INCLUDE_DIR
    PYTHON_LIBRARY


---
[0m[Processing: rclcpp]
Finished <<< rclcpp [3min 49s]
Starting >>> rclcpp_lifecycle
Starting >>> rclcpp_action
Starting >>> rclcpp_components
Starting >>> cv_bridge
[91m--- stderr: cv_bridge
CMake Warning:
  Manually-specified variables were not used by the project:

    PYTHON_EXECUTABLE
    PYTHON_INCLUDE_DIR
    PYTHON_LIBRARY


---
[0mFinished <<< cv_bridge [28.5s]
Finished <<< rclcpp_lifecycle [40.9s]
[91m--- stderr: rclcpp_lifecycle
CMake Warning:
  Manually-specified variables were not used by the project:

    Boost_NO_BOOST_CMAKE
    PYTHON_EXECUTABLE
    PYTHON_INCLUDE_DIR
    PYTHON_LIBRARY


---
[0mStarting >>> message_filters
[91m--- stderr: rclcpp_action
CMake Warning:
  Manually-specified variables were not used by the project:

    Boost_NO_BOOST_CMAKE
    PYTHON_EXECUTABLE
    PYTHON_INCLUDE_DIR
    PYTHON_LIBRARY


---
[0mFinished <<< rclcpp_action [42.4s]
[91m--- stderr: rclcpp_components
CMake Warning:
  Manually-specified variables were not used by the project:

    Boost_NO_BOOST_CMAKE
    PYTHON_EXECUTABLE
    PYTHON_INCLUDE_DIR
    PYTHON_LIBRARY


---
[0mFinished <<< rclcpp_components [50.5s]
Finished <<< message_filters [24.4s]
[91m--- stderr: message_filters
CMake Warning:
  Manually-specified variables were not used by the project:

    Boost_NO_BOOST_CMAKE
    PYTHON_INCLUDE_DIR
    PYTHON_LIBRARY


---
[0mStarting >>> tf2_ros
Starting >>> pcl_conversions
[91m--- stderr: pcl_conversions
CMake Warning:
  Manually-specified variables were not used by the project:

    PYTHON_EXECUTABLE
    PYTHON_INCLUDE_DIR
    PYTHON_LIBRARY


---
[0mFinished <<< pcl_conversions [17.2s]
[91m--- stderr: tf2_ros
CMake Warning:
  Manually-specified variables were not used by the project:

    Boost_NO_BOOST_CMAKE
    PYTHON_EXECUTABLE
    PYTHON_INCLUDE_DIR
    PYTHON_LIBRARY


---[0mFinished <<< tf2_ros [34.5s]
[91m
[0mStarting >>> tf2_eigen
Starting >>> tf2_geometry_msgs
Finished <<< tf2_geometry_msgs [8.78s]
[91m--- stderr: tf2_geometry_msgs
CMake Warning:
  Manually-specified variables were not used by the project:

    Boost_NO_BOOST_CMAKE
    PYTHON_EXECUTABLE
    PYTHON_INCLUDE_DIR
    PYTHON_LIBRARY


---
[0m[91m--- stderr: tf2_eigen
CMake Warning:
  Manually-specified variables were not used by the project:

    Boost_NO_BOOST_CMAKE
    PYTHON_EXECUTABLE
    PYTHON_INCLUDE_DIR
    PYTHON_LIBRARY


---
[0mFinished <<< tf2_eigen [11.1s]

Summary: 24 packages finished [6min 19s]
  24 packages had stderr output: class_loader console_bridge_vendor control_msgs cv_bridge eigen3_cmake_module libstatistics_collector message_filters moveit_msgs object_recognition_msgs octomap_msgs orocos_kdl_vendor pcl_conversions pcl_msgs rclcpp rclcpp_action rclcpp_components rclcpp_lifecycle sensor_msgs_py statistics_msgs tf2_eigen tf2_geometry_msgs tf2_py tf2_ros tf2_ros_py
 ---> Removed intermediate container 8ae47fb4b742
 ---> f209c70924f5
Step 10/10 : RUN source /workspace/jazzy_ws/install/setup.bash &&     source /workspace/unip_ros311_ws/install/local_setup.bash &&     python3.11 - <<'PY'
 ---> Running in 267a10c98633
[91m/bin/bash: line 1: warning: here-document at line 1 delimited by end-of-file (wanted `PY')
[0m ---> Removed intermediate container 267a10c98633
 ---> 8ee17503a7b0
Successfully built 8ee17503a7b0
Successfully tagged unip_ros311_overlay:jazzy_py311
[install_unip_ros311_overlay.sh] Extracting overlay to: /workspace/external/unip_ros311_ws
[install_unip_ros311_overlay.sh] Validating extracted overlay with Isaac Python...
[PASS] sensor_msgs_py       /workspace/external/unip_ros311_ws/install
[PASS] tf2_ros              /workspace/external/unip_ros311_ws/install
[PASS] cv_bridge            /workspace/external/unip_ros311_ws/install
[PASS] control_msgs         /workspace/external/unip_ros311_ws/install
[PASS] moveit_msgs          /workspace/external/unip_ros311_ws/install
Isaac Python overlay imports: PASS
[install_unip_ros311_overlay.sh] PASS: UniP ROS Jazzy/Python-3.11 overlay prepared.
[install_unip_ros311_overlay.sh] Overlay setup: /workspace/external/unip_ros311_ws/install/local_setup.bash
